oid_shvil,width,shem_mikta,direction,bitzua,ms_orech,miflas,date_created,date_import,Shape_Length,geometry
1,2.5,נמיר מיוניצ'מן דרומה,דו סטרי,2012.0,95.1,,,20/08/2025 01:08:49,95.09675555792208,"[[34.80054067550826, 32.14000187424299], [34.80088738320331, 32.14061714604322], [34.80092838116729, 32.140703342582846], [34.80093261929056, 32.140785499203]]"
2,2.5,פרופס מנמיר עד קדושי השואה,דו סטרי,2013.0,201.14,,,20/08/2025 01:08:49,201.14451751148917,"[[34.79394100459393, 32.12299577880484], [34.793269604346165, 32.12305337065036], [34.79193435729799, 32.12328153444867], [34.791856740078664, 32.12332778646521]]"
3,2.1,יאיר רוזנבלום מאורי צבי גרינברג עד פרופס,דו סטרי,2004.0,696.31,,,20/08/2025 01:08:49,696.3147646691378,"[[34.793938917074165, 32.12299577203773], [34.79412742671888, 32.12375255409604], [34.794322167678814, 32.12451467649301], [34.794395790354436, 32.12484507521324], [34.79441225538776, 32.12489304920438], [34.79449024160893, 32.12517908531141], [34.79455588008198, 32.12542780174233], [34.79472905155552, 32.126351380616256], [34.79479396192566, 32.12676339811927], [34.79481880169641, 32.1268060786292], [34.79481854794292, 32.126862881016066], [34.794814007943685, 32.12694452263027], [34.79486153656894, 32.12704407973387], [34.794908536833596, 32.12726432952025], [34.79507573750159, 32.12812398816197], [34.795181729955196, 32.12867991816085], [34.79513361106924, 32.128709945235485], [34.79509374243439, 32.12876484303332], [34.79507679031606, 32.12882335890964], [34.79508273625213, 32.12889438437549], [34.79510706957256, 32.12905066054161], [34.795106697087945, 32.12913409212034]]"
4,2.5,"קק""ל מנמיר עד חיים לבנון",דו סטרי,2018.0,659.2,מדרכה,,20/08/2025 01:08:49,659.2028744592935,"[[34.79521688134332, 32.12242773673985], [34.795808158241655, 32.1223574674866], [34.79665144302947, 32.12222048180169], [34.7983955515337, 32.121923403044754], [34.800050978525185, 32.12164760570026], [34.800088040353906, 32.121579017248884], [34.80060542189429, 32.12150799358246], [34.80066381694234, 32.12153767168098], [34.80097720269142, 32.12149634446947], [34.801246254752556, 32.121449155327795], [34.80177964087784, 32.12135106752313], [34.80184647460323, 32.12133575853621], [34.801919173861215, 32.12126483088368], [34.80194199584496, 32.1212717668899], [34.801977592459124, 32.121290412557535]]"
5,2.0,רקנאטי בגינה מקרן קיימת לישראל עד אחימאיר,דו סטרי,2018.0,362.67,,1530316800000.0,20/08/2025 01:08:49,362.6712422306126,"[[34.801477726463354, 32.121684509738884], [34.80166357855451, 32.12256055131896], [34.801703206153604, 32.12267243523497], [34.80172836207411, 32.12275943803167], [34.801643886069144, 32.122889558052265], [34.801625403957075, 32.122945382708004], [34.80162509036996, 32.123016775810314], [34.801807113402845, 32.1239331595855], [34.80180322278999, 32.12398903065202], [34.801832147063365, 32.124048108185], [34.80194467619635, 32.124175743437426], [34.80199548280601, 32.124234890484175], [34.80259606348674, 32.1245410320135], [34.80259630645217, 32.12455885921235]]"
6,2.8,שביל 2426 מרדינג עד ברזיל,דו סטרי,2000.0,156.6,,,20/08/2025 01:08:49,156.59645439787644,"[[34.79552477390145, 32.11102612035554], [34.79584591071752, 32.10964067325224]]"
7,2.5,שי עגנון מאבן גבירול לאורך אשכול לוי,דו סטרי,2013.0,694.43,,,20/08/2025 01:08:49,694.4298172500658,"[[34.78161549702463, 32.10190950711103], [34.781612177817, 32.101934579160215], [34.78177776581155, 32.10201148313136], [34.781808064634845, 32.10207630437405], [34.78184149002019, 32.10212222652646], [34.78262533990033, 32.102184447031306], [34.783656377428635, 32.10231290216736], [34.78386154973839, 32.1023829956759], [34.78417531570655, 32.10242221227251], [34.78452604758325, 32.102423701848025], [34.78614910904454, 32.10261871700216], [34.78763360132104, 32.10280482383021], [34.7878561296729, 32.1028645595949], [34.78811867018929, 32.102913767386816], [34.788575948046194, 32.10295535375517], [34.78871439800176, 32.103044133481866]]"
8,2.0,איינשטיין מ- 2040 עד נמיר צד צפוני,,2012.0,413.56,,,20/08/2025 01:08:49,413.5630510839116,"[[34.784972404986696, 32.112075754523254], [34.78537109091966, 32.112124491864606], [34.7889578164028, 32.11245852216623], [34.789152151176175, 32.11248593346726], [34.78930514365272, 32.11255640437945]]"
9,2.5,שי עגנון מנמיר עד לוי אשכול,דו סטרי,2013.0,430.6,,,20/08/2025 01:08:49,430.5974136824032,"[[34.78886643336709, 32.10268907767577], [34.790577190361006, 32.10289465285562], [34.79088256028395, 32.102932803702764], [34.79096311420751, 32.10293878397954], [34.79106043656318, 32.1029476685666], [34.79118134468141, 32.10293949612037], [34.79129892018652, 32.102925586357415], [34.79161806051044, 32.10288661463652], [34.79199774331131, 32.10282497900669], [34.79218934825195, 32.10277416491977], [34.79227682422007, 32.102734437388435], [34.79240138545743, 32.102660535559515], [34.79253620337318, 32.10254379611395], [34.79261047635985, 32.10245258761697], [34.79264767467472, 32.102395553431045], [34.79266486611993, 32.102304159326586], [34.79268551623959, 32.10219276585718], [34.792682786138556, 32.102052718828], [34.792686682979415, 32.10193269492298]]"
10,2.8,משעול 2364,דו סטרי,2000.0,388.46,,,20/08/2025 01:08:49,388.4611482155887,"[[34.785202160022585, 32.10213287039506], [34.78603278897517, 32.101841247186876], [34.78908178280107, 32.10096815449837]]"
11,2.0,בני אפריים מרובינא עד קקל ,חד סטרי,2004.0,276.27,,,20/08/2025 01:08:49,276.2706994842512,"[[34.818284027877674, 32.118739634107605], [34.81829527724735, 32.11879088070118], [34.81855172890791, 32.11913552150422], [34.81875974837033, 32.11941174025474], [34.819081774110316, 32.1198394986509], [34.81918720572425, 32.119981264175244], [34.81922690310915, 32.12008137468788], [34.81928135686785, 32.12007909648206], [34.819309906680814, 32.12010357655367], [34.81935832104991, 32.12017688547523], [34.81939830539933, 32.12020870474255], [34.81941541098491, 32.120230706160484], [34.819395137231744, 32.120281865820665], [34.819483587013536, 32.1203723671759], [34.8195006414798, 32.12040656053891], [34.81967473181111, 32.12057536239095], [34.819763335941985, 32.120631722497464], [34.819817462749626, 32.12070748340775], [34.81983299488773, 32.120773721484156]]"
12,2.0,אהרון בקר,,2013.0,187.27,,,20/08/2025 01:08:49,187.2709428069205,"[[34.81760248305791, 32.122376502393415], [34.817519832269525, 32.12237327400242], [34.81735195816127, 32.122429005173494], [34.817169444993866, 32.12251349430271], [34.817080551147654, 32.12257083733412], [34.81707473271316, 32.122576059797126]]"
13,2.0,בני אפרים רומנו עד שטרית,,2004.0,954.15,מדרכה,,20/08/2025 01:08:49,954.1548396557324,"[[34.816806925734944, 32.1117356251068], [34.81681561305981, 32.11184643772994], [34.816811505712195, 32.112113903467375], [34.816841087291166, 32.112344859845685], [34.81687024003244, 32.11267987180317], [34.81690335843744, 32.112979122085015], [34.816951711327725, 32.1132914317033], [34.81696626210471, 32.11346381622383], [34.81700951445473, 32.11351374507045], [34.816962035745576, 32.11356134930312], [34.81695428967012, 32.11358408664056], [34.8169805213961, 32.113707738394446], [34.81699186530008, 32.113733780556544], [34.81702615160293, 32.11375664647439], [34.81702015260807, 32.11380224939069], [34.817020018598065, 32.113833982769336], [34.817098402081186, 32.11440188667323], [34.81714292426805, 32.11465059963868], [34.817183527058354, 32.1148464109563], [34.81717880370659, 32.11498390055702], [34.817250011888895, 32.11528911067292], [34.817327968452844, 32.115469164720416], [34.817436121821046, 32.11585557605214], [34.81746688366898, 32.115927948036784], [34.81751794387386, 32.11609910933896], [34.817537907636016, 32.116277227572304], [34.817630066451706, 32.11652961179855], [34.8178144759095, 32.117007921968955], [34.817928973186966, 32.11727678210624], [34.817949445663565, 32.11732485285069], [34.81799553786964, 32.11736575233054], [34.81807900789436, 32.117535418816296], [34.81809196513069, 32.11762112329624], [34.818149050840105, 32.1177388016628], [34.818223213882895, 32.11783422014936], [34.818328076634636, 32.118019649050524], [34.818349864519, 32.11805612679802]]"
14,,פארק הירקון,,2000.0,1872.57,מדרכה,,20/08/2025 01:08:49,1872.568667568908,"[[34.83523462205492, 32.105474720639585], [34.835760479324506, 32.10544045134222], [34.836068658436005, 32.10550101011731], [34.83631348392613, 32.105627016051315], [34.83663525028253, 32.10579500666893], [34.83727216542356, 32.106035503175406], [34.8378601047291, 32.106251993492826], [34.838440842777395, 32.10651619182692], [34.83879044646983, 32.10673794976274], [34.839139969968905, 32.106977615977065], [34.839475583931, 32.10719337086766], [34.83968544223314, 32.10730136907882], [34.839958737953104, 32.107320056232965], [34.840169057721674, 32.10731469142406], [34.84040053952744, 32.10727359519027], [34.84059694994803, 32.10723835860405], [34.840828336829894, 32.10722112257874], [34.841101501413284, 32.107275607806585], [34.84115878763373, 32.107307839637116]]"
15,3.5,פארק הירקון,,2004.0,2820.53,,,20/08/2025 01:08:49,2820.525648413378,"[[34.80906959235754, 32.09691480317836], [34.80930018226966, 32.09691552260173]]"
16,3.5,פארק הירקון שביל 7.10,דו סטרי,2022.0,1853.03,מדרכה,1640995200000.0,20/08/2025 01:08:49,1853.0296462916635,"[[34.80273937527133, 32.092635227019585], [34.8043262059771, 32.093359851439565], [34.80438697740685, 32.09350040191684]]"
17,3.0,פארק הירקון,דו סטרי,2000.0,175.72,,,20/08/2025 01:08:49,175.72086036539196,"[[34.80451379904794, 32.09552281757325], [34.805088243882736, 32.095440051099295], [34.80544144082909, 32.09545995717758], [34.80577256132523, 32.09547979280372], [34.80609309219049, 32.0953962224982], [34.806281427182384, 32.095246441651]]"
18,1.0,פארק הירקון מאבן גבירול עד אייזיק רמבה,,2004.0,2354.4,,,20/08/2025 01:08:49,2354.396872807585,"[[34.807466400620015, 32.10062065608079], [34.80749229460713, 32.10050261952684], [34.807167295274006, 32.10017060930141], [34.80685118838175, 32.100002074815016], [34.806563557998636, 32.09990718764659], [34.805860036365836, 32.100066494925144], [34.80458245576126, 32.10008610457893], [34.803406806738025, 32.1000823882703], [34.8019993539129, 32.100164604484426], [34.801652632539785, 32.10021887126228], [34.80144602580227, 32.10026786377556], [34.801175193933524, 32.10038253325405], [34.80109653425984, 32.10041474620189], [34.800960647264326, 32.100451550893844], [34.800779901035924, 32.100486302523024], [34.80061708195327, 32.10052588599568], [34.80050486688155, 32.100536030423676], [34.80039158663803, 32.100533760082754], [34.80029400877406, 32.100531538835234], [34.80020096370981, 32.10051882978476], [34.80007767578803, 32.100496476030614], [34.79991406586882, 32.1004606253365], [34.799721246745506, 32.10043518511223], [34.79952608285119, 32.100432651465475], [34.79939932946053, 32.10043320124219], [34.79934103606911, 32.100425376721546], [34.79927498739346, 32.1003955661922], [34.799211212062104, 32.100359079769504], [34.79915414497004, 32.10032738882812], [34.799095986596356, 32.100289010336354], [34.79906359286538, 32.10025835329122], [34.799030162661545, 32.10020859671438], [34.79898027310893, 32.10007571949093], [34.798923456206026, 32.09998769561629], [34.79882839172207, 32.099924374507886], [34.79831311133892, 32.09976708988513], [34.798192109885015, 32.099735193526925], [34.798137203848185, 32.09972260526511], [34.797993933840516, 32.09965339987102], [34.7978293788428, 32.099578396955685], [34.79754711165641, 32.09948869454344], [34.79732075512502, 32.09943831679853], [34.7972008181009, 32.099419790080844], [34.79710999720375, 32.09941185996686], [34.79706181223931, 32.099401201930206], [34.79701817733599, 32.09937623725555], [34.79699588371356, 32.09934465717423], [34.796926806856746, 32.099239406747834], [34.79686431943449, 32.09916568586467], [34.79676822122028, 32.09908326367993], [34.79651984112383, 32.098941152557984], [34.79632400864029, 32.09883740356322], [34.796171785475224, 32.09876434820751], [34.79608892359846, 32.098732572754336], [34.79598810111463, 32.098703603410065], [34.79568213897286, 32.098650036153956], [34.79559580200014, 32.09863932118551], [34.79546608904218, 32.09862013453869], [34.79540524874343, 32.09861006175828], [34.79529553884141, 32.09856196696044], [34.79517922762683, 32.09848520733239], [34.79500689739273, 32.09839394440418], [34.794892680228514, 32.098350608742784], [34.7948097978724, 32.098323606440566], [34.7946316511535, 32.098279108821934], [34.79437623825612, 32.09820571746386], [34.794091804349435, 32.09810072321019], [34.79402909479956, 32.09807760480056], [34.79394062495198, 32.09804580977746], [34.79387110418677, 32.0980408104358], [34.793430574384494, 32.09797731928983], [34.793255438590585, 32.09801207930893], [34.79316799390154, 32.09809534767273], [34.79277460529236, 32.09796770818024], [34.79256573450686, 32.09792781964769], [34.79127278660818, 32.097545467409226], [34.79056997589762, 32.09738557733121], [34.78970037408254, 32.0972645364362], [34.78901576496575, 32.097175613733064], [34.788534486245425, 32.09715828043557], [34.78794255279312, 32.097046011348105], [34.78666605241717, 32.09683693167029], [34.78593495104911, 32.09679511961192], [34.78480552192615, 32.096815019327785], [34.784351867438495, 32.096829279038595], [34.784198766055475, 32.09681250847408]]"
19,2.0,פארק הירקון,חד סטרי,2004.0,1715.47,,,20/08/2025 01:08:49,1715.47397640198,"[[34.81287318706627, 32.10086073089002], [34.812209061960985, 32.10209503367707], [34.81109312844626, 32.103475444575736]]"
20,2.7,רוקח מנמיר עד איילון צפון,דו סטרי,2013.0,967.55,,,20/08/2025 01:08:49,967.5483209773424,"[[34.794511960395994, 32.09986954385874], [34.79521119983447, 32.10002505038368]]"
21,2.5,רוקח מאבן גבירול עד נמיר כולל כניסה לפארק עד אבן גבירול,,2013.0,1033.26,,,20/08/2025 01:08:49,1033.2581909605703,"[[34.7931720811506, 32.09809105762196], [34.79323436140889, 32.09835776892359], [34.79319127651894, 32.0987194884496], [34.793195250904176, 32.09898868424772], [34.79315804713041, 32.09919155531977], [34.79307384263616, 32.09947370299581]]"
22,3.0,פארק הירקון משד' רוקח עד אבן גבירול,,2004.0,859.83,,,20/08/2025 01:08:49,859.833806000621,"[[34.78381432774799, 32.09587966785879], [34.78355946109566, 32.0958788214038], [34.78330393095767, 32.09602260955238], [34.783164079142814, 32.096005443518976], [34.78254683230434, 32.09592969560256], [34.781754110189, 32.09588485869735], [34.78106814348871, 32.09571985006447], [34.78079142660041, 32.09564473516272], [34.780048137578866, 32.09554483659283], [34.77969229798721, 32.095511179813215], [34.779380821614005, 32.09551013514862], [34.77882712217624, 32.09564897269139], [34.77850850047799, 32.095815651909966], [34.77799216548717, 32.09612237043589], [34.7776857496881, 32.09639731183808], [34.77740433900817, 32.09676434586551], [34.77719140362136, 32.09714893707827]]"
23,2.0,"נמל ת""א מחבקוק עד שער ציון",דו סטרי,2012.0,258.55,,,20/08/2025 01:08:49,258.5468085013009,"[[34.77232115669026, 32.09352862443701], [34.77247923969234, 32.093993017332814], [34.77253623770097, 32.09416629032547], [34.772676465829115, 32.094570028443066], [34.77283578715627, 32.09501648044245], [34.77309601519982, 32.09576484975296]]"
24,2.0,חבקוק,דו סטרי,2004.0,141.0,,,20/08/2025 01:08:49,140.9962657451876,"[[34.773321945278724, 32.09324648190835], [34.77190407373683, 32.09364620522511]]"
25,2.4,טיילת 2397 מחבקוק  עד ככר אתרים,,2000.0,740.63,,,20/08/2025 01:08:49,740.6253445925532,"[[34.77143257366829, 32.09344356151583], [34.77126227176948, 32.092945828022074], [34.77103098157532, 32.09199612921331], [34.77042703913314, 32.091190202406324], [34.77030022139269, 32.09092500108377], [34.77020358239879, 32.09069053760883], [34.77011665585832, 32.09038925890899], [34.770029552100226, 32.09003330789456], [34.7699535021123, 32.08955187430314], [34.76972592770793, 32.08894175098233], [34.76967502882391, 32.08857989904213], [34.76959054777465, 32.08824703153084], [34.769490889827175, 32.08787644607065], [34.769452033571845, 32.087062299634454]]"
26,2.0,הרברט סמואל מבריכת גורדון עד גולדמן,דו סטרי,2000.0,3022.24,,,20/08/2025 01:08:49,3022.241175858019,"[[34.75933938664263, 32.05913707672905], [34.75932155599955, 32.059197952520144], [34.75929969972627, 32.05921958724773], [34.759291469980525, 32.05925277214297], [34.75928347375618, 32.059323236916846], [34.75951504200093, 32.059736625610185], [34.75979213697964, 32.0601958419656], [34.75996802161871, 32.06035036712144], [34.76015206277545, 32.06051542646206], [34.76017627514228, 32.060606456738164], [34.760126136611845, 32.060781182973464], [34.760133998886474, 32.0608546702571], [34.76042999419025, 32.061653267507715], [34.76046591444763, 32.06187026451317], [34.76062516583483, 32.0620667177668], [34.76068230574055, 32.06214387646812], [34.760759489141094, 32.06232254751762], [34.76153000529953, 32.06420152163938], [34.76201859135362, 32.06537856490294], [34.76247584668534, 32.066512968556964], [34.76257423501662, 32.06682897353976], [34.76267966347081, 32.067321870681994], [34.762796157894336, 32.06769838542194], [34.76286865784957, 32.06792919547621], [34.76300351531152, 32.06824575276453], [34.76302153602752, 32.06836588589586], [34.7630611661443, 32.068537246397234], [34.763235277135145, 32.0690550613633], [34.763553807727746, 32.06991324341576], [34.763694243872635, 32.07029390665706], [34.763985176771925, 32.07109119480812], [34.764234534180105, 32.071766668639], [34.76444416376536, 32.072330200393694], [34.7647858231723, 32.0732905831439], [34.764894252166414, 32.07364393866795], [34.76510241060323, 32.074214289738336], [34.76572506592851, 32.075524506235304], [34.765837514361536, 32.0758312163119], [34.766028635903865, 32.07653446984425], [34.76603576791496, 32.07660175971169], [34.76624265163251, 32.07716797232099], [34.766716741905356, 32.078092389431625], [34.76679415422156, 32.07831336100613], [34.76686908770201, 32.078613656855964], [34.76697073599671, 32.07918902940242], [34.767033789011, 32.079483318787695], [34.767116626512895, 32.07974248418629], [34.76724065532163, 32.08003221251149], [34.76734884742628, 32.08033588451514], [34.76743903554432, 32.08056223737697], [34.76754033737077, 32.08083528331264], [34.76757709027814, 32.080975513373374], [34.7675840908498, 32.08104223633969], [34.76758433022122, 32.08109435140412], [34.76755595638028, 32.081211127812075], [34.767550924270985, 32.08127925395435], [34.76749530207698, 32.08137812791938], [34.767483616179675, 32.0814464574618], [34.7675423834945, 32.08162898777289], [34.767616915296486, 32.081817470981875], [34.767711001752154, 32.08200294284095], [34.76780561937624, 32.08218393007017], [34.767857585567675, 32.08229359950601], [34.76792410369535, 32.08241407916301], [34.76797604482325, 32.0824891802883], [34.76800742494868, 32.08255555884032], [34.768061785034156, 32.082742886541844], [34.7681206464233, 32.082908030443825], [34.76818822823915, 32.08307456242813], [34.7682214104254, 32.08315632979592], [34.76830617021554, 32.08329935627288], [34.76875472864216, 32.08442031081578], [34.76876039150843, 32.08451604766009], [34.76873466047201, 32.084583329815274], [34.76868775868605, 32.08465908809267], [34.76867463245088, 32.084687951505614], [34.76865609711897, 32.08478995550614], [34.768673908920064, 32.08489089685495]]"
27,2.5,נורדאו מאבן גבירול עד הירקון,דו סטרי,2012.0,881.43,,,20/08/2025 01:08:49,881.4346722347174,"[[34.77639081032224, 32.092404537324825], [34.77638995687246, 32.09240355149538]]"
28,1.5,פנקס מאבן גבירול עד גילוץ גדה דרומית,חד סטרי,2000.0,844.5,,,20/08/2025 01:08:49,844.5003825840914,"[[34.78732120338713, 32.09084316358303], [34.788164932928524, 32.090852173446834], [34.78904470215817, 32.09088342298368], [34.78971725652282, 32.090905906501256], [34.79021329082718, 32.0909170736979], [34.79037728067333, 32.09091385109048], [34.791314363931946, 32.090975188022576], [34.79172961382647, 32.09100087874856], [34.79179443668424, 32.090983194839175], [34.79182394614753, 32.09096539589766], [34.79187174593144, 32.09099346725291], [34.79199784506191, 32.09099888903117], [34.792086955109, 32.09100275826862], [34.79217606089431, 32.091007342546085], [34.792385368694724, 32.0910201921407], [34.792808180253566, 32.091047335060416], [34.79324949574384, 32.0910731045876]]"
29,1.0,פנקס מאבן גבירול עד גילוץ גדה צפונית,,2000.0,957.44,,,20/08/2025 01:08:49,957.4387741014192,"[[34.78503525876362, 32.090788898351235], [34.78503108936442, 32.09100133089433]]"
30,1.6,נמיר מהרב גורן עד דורי שביל 7,,2021.0,914.42,כביש,1630454400000.0,20/08/2025 01:08:49,914.4245260541298,"[[34.79480102932721, 32.082364240671644], [34.79476235234087, 32.082448604120614], [34.794843516079325, 32.08274378712484], [34.79491590390335, 32.082786161623986], [34.794933316031674, 32.08283870103242], [34.79510253813885, 32.08362703226527], [34.795224138074204, 32.08422806056135], [34.7952957889059, 32.08455506361696], [34.79527306255163, 32.08466814651285], [34.795323596586094, 32.08492296541036], [34.79540109896366, 32.08530859442351], [34.795426299798585, 32.085367688731424], [34.795460060120874, 32.08540994723941], [34.79549810011507, 32.08544499623442]]"
31,2.0,ויצמן משאול המלך עד דפנה גדה מזרחית,,2000.0,125.8,,,20/08/2025 01:08:49,125.79840383799832,"[[34.78894877570738, 32.07719288586095], [34.78889517308251, 32.07721455141612], [34.78880330440143, 32.077415610404245], [34.7888002985098, 32.07750411104376], [34.78871627456015, 32.07769413976481], [34.788656087173706, 32.077786880580994], [34.7886110788879, 32.07796818166542], [34.78859268404467, 32.07825306826392]]"
32,1.5,דוד המלך מאבן גבירול עד ויצמן,דו סטרי,2000.0,565.2,,,20/08/2025 01:08:49,565.2031867220574,"[[34.78798751848228, 32.07971968751658], [34.78794445140647, 32.07974331710065], [34.78683783730272, 32.079825633597814]]"
33,1.2,בלוך מבארי עד אבן גבירול גדה צפונית,חד סטרי,2012.0,367.67,,,20/08/2025 01:08:49,367.6698108327773,"[[34.78236609291867, 32.08158170325771], [34.78265602657771, 32.081692154613776], [34.78279845629997, 32.08176597096164], [34.78299483908288, 32.08188189068499], [34.78314204073664, 32.08198925998149], [34.784032349700496, 32.0826900738426], [34.78412720370107, 32.08277244301247]]"
34,2.0,שד' בן גוריון ממלכי ישראל עד הירקון,,2004.0,1011.91,,,20/08/2025 01:08:49,1011.9119637602956,"[[34.77995217532639, 32.081414321286076], [34.77980950149543, 32.08140996558747], [34.77979873566405, 32.081539236753855], [34.77969908397238, 32.081569671749456], [34.779543194464, 32.081617277508826], [34.77936825935735, 32.08171320006046], [34.779120212677114, 32.08184923196071], [34.77903177947506, 32.08190664045634], [34.77877566882375, 32.082072917586615], [34.77835808336155, 32.08234402513215], [34.77808607229398, 32.082528647436156], [34.77794694567451, 32.082617479588365], [34.77687026344391, 32.083211880044296], [34.77632447412813, 32.08350269403315], [34.77622602815175, 32.08355325821988], [34.77575295965018, 32.08381704541679], [34.77549612159962, 32.08395068671323], [34.775102435291544, 32.08413112650392], [34.774648997834355, 32.084302272398006], [34.774377443326905, 32.0843885988617], [34.77424463910196, 32.084429053081664]]"
35,2.0,שד' חן ,דו סטרי,2000.0,615.48,,,20/08/2025 01:08:49,615.4798844477328,"[[34.77998397262832, 32.07934503990144], [34.78000222109049, 32.077723807106196], [34.78001932861104, 32.07763848315381], [34.78003050976496, 32.07642410117362], [34.78003086039751, 32.07634819887153], [34.78005018080644, 32.075783753419685], [34.78003399399489, 32.0756698484958], [34.780030184753784, 32.07563238448883], [34.77986878251788, 32.074046906407155], [34.77983968414252, 32.07405481680019], [34.77976874081716, 32.073993924831505], [34.77973105601392, 32.07386602419343]]"
36,2.0,מלכי ישראל מאבן גבירול עד שד' חן,דו סטרי,2012.0,88.41,,,20/08/2025 01:08:49,88.40968446952544,"[[34.78109707452828, 32.07939178127628], [34.78016083188074, 32.07940630712077]]"
37,2.0,קפלן מבגין עד אבן גיברול,דו סטרי,2000.0,737.65,,,20/08/2025 01:08:49,737.6517058781334,"[[34.7819730988519, 32.07332983866773], [34.78201631432879, 32.07335423180355], [34.783476394484296, 32.073324344066876], [34.78351017608047, 32.07335055402585], [34.78465392842213, 32.07334077569566], [34.78484855562063, 32.07334142020517], [34.78531656737876, 32.07328866310434], [34.785900759335696, 32.073262391172214], [34.78620484691677, 32.07325260423436], [34.786373367502335, 32.07323922761272], [34.78666294492057, 32.073220685842635], [34.787619776238856, 32.07321548578054], [34.788031963401764, 32.073211267683746], [34.788118739415005, 32.073189269569134], [34.78961776281844, 32.073184202080235], [34.78974874671924, 32.07315244589591]]"
38,2.0,מרמורק מזרח מאבן גבירול עד הוברמן (מחודש),,2021.0,200.08,כביש,1619654400000.0,20/08/2025 01:08:49,200.0765735600593,"[[34.78208238958905, 32.07115762319657], [34.78214347156475, 32.071091010510024]]"
39,2.5,קבוץ גלויות משלבים עד אמץ,דו סטרי,2013.0,262.68,,,20/08/2025 01:08:49,262.67584927734515,"[[34.763034145328895, 32.05400928705673], [34.76309500818734, 32.05398150287963], [34.763134662783614, 32.05396123792195], [34.76326821281342, 32.05387961458745], [34.76344427450154, 32.05376302599308], [34.763505240691934, 32.05370148797195], [34.76366400809784, 32.053601512112515], [34.76392110486815, 32.053432535503546], [34.7644514558102, 32.053094163328026], [34.76477157443051, 32.05291116890758], [34.765113730686394, 32.05273906700998], [34.76525624569999, 32.0526004659342]]"
40,2.0,קבוץ גלויות מישראל גורי עד אסירי ציון,דו סטרי,2012.0,463.64,,,20/08/2025 01:08:49,463.64371852450216,"[[34.77629900958434, 32.04830781816571], [34.77747060765654, 32.04793740641742], [34.777971343927966, 32.047790204956], [34.778408932133246, 32.04766784291514], [34.77895164005434, 32.047530801095455], [34.77938736248116, 32.047447798022], [34.780062187399004, 32.04733302394035], [34.78066217870878, 32.047216069031606], [34.78094367670512, 32.047157121567174], [34.78096946113882, 32.04710822234735]]"
41,1.5,אזר מישראל גורי עד אופטושן,חד סטרי,2004.0,122.16,,,20/08/2025 01:08:49,122.15854891081268,"[[34.781135287082066, 32.04161631501579], [34.780122985040336, 32.04230193730816]]"
42,2.5,שביל 3383 עד בן צבי,,2000.0,262.53,,,20/08/2025 01:08:49,262.5344120120155,"[[34.77208361264573, 32.042880394291394], [34.77212396131678, 32.04307799276744], [34.77222049734777, 32.04319911059749], [34.77233476565417, 32.04329564280501], [34.77235739677265, 32.043376716181115], [34.77237368609011, 32.043463858646426], [34.772386778189, 32.043489646713795], [34.77245116926197, 32.04357533975337], [34.7726661603, 32.04380301338786], [34.7727270011405, 32.04387960593671], [34.77291889927321, 32.04412118460029], [34.77317497331449, 32.04450296642345], [34.773170689305964, 32.04464190355847], [34.77315446438398, 32.04469912207797], [34.77310138832135, 32.044778629277204], [34.77297154369681, 32.044916460153786]]"
43,2.0,הלר חיים משד ירושלים עד באר שבע,דו סטרי,2000.0,372.68,,,20/08/2025 01:08:49,372.6768054174864,"[[34.759049719666095, 32.03629411876347], [34.75899832697726, 32.03631941388828], [34.75897119258484, 32.03633508911888], [34.758905582376045, 32.03635548171764], [34.758849988451665, 32.03636620438811], [34.75872178715017, 32.03637181931524]]"
44,2.0,משעול 3956 מהספינה עד קדם,דו סטרי,2000.0,912.77,,,20/08/2025 01:08:49,912.768392913081,"[[34.74715279733145, 32.04806202325541], [34.74762315054091, 32.04785840464779], [34.747691860223085, 32.04774798631151], [34.74753595793333, 32.047489757908004], [34.74751772969043, 32.04745118307518], [34.74739414114174, 32.04718965405457], [34.74709787366646, 32.04651172908212], [34.747027275368694, 32.04630065388844], [34.74688620716918, 32.045850755742876], [34.74664520700782, 32.044540558311965], [34.74655100285338, 32.04383562215568], [34.746313871159614, 32.04305804432443], [34.7462698468535, 32.042741645293425], [34.746253214804156, 32.04215904639656], [34.74623449991681, 32.04199253523926], [34.746163768763054, 32.04180919805242], [34.74617745416738, 32.04167609809144], [34.746328145708404, 32.04149910702642], [34.746374269156426, 32.041393854294405], [34.74638177464196, 32.04119415275057], [34.746337982467466, 32.04083337735801], [34.74632442092301, 32.04066740783595], [34.74633438917217, 32.040625862264335], [34.74637172607516, 32.040577769360866], [34.746593103523566, 32.04042888958882]]"
45,2.0,חבר הלאומים מעזה עד היינריך היינה,דו סטרי,2016.0,312.73,,,20/08/2025 01:08:49,312.72856899255936,"[[34.759427531245905, 32.04670283827406], [34.75950084662356, 32.04667993758331], [34.759988779053096, 32.046565849922025], [34.76130804764939, 32.046260467859746], [34.762620666927894, 32.0459577271555]]"
46,2.0,הטייסים גד דרומית,דו סטרי,2004.0,1367.63,,,20/08/2025 01:08:49,1367.6267421350992,"[[34.81374254049821, 32.04991234035413], [34.81372965667497, 32.05016107833281], [34.81372582005817, 32.05027159929504], [34.81373545090204, 32.0503648834008], [34.81369149472855, 32.05069976407331], [34.813630322005444, 32.05091990160617], [34.813483554408975, 32.05126654022894], [34.81328709172326, 32.05163113335075], [34.813001636198315, 32.0520890214355], [34.81273063860636, 32.05248054548162], [34.812431295580204, 32.052868969284596], [34.81203953822036, 32.05332048433163], [34.81168008001969, 32.05367853720647], [34.811132232509465, 32.05416578168053], [34.81050644055288, 32.054646748559286], [34.810385641524185, 32.05471880510718]]"
47,1.6,משה דיין גדה מערבית ,,2014.0,1277.92,כביש,,20/08/2025 01:08:49,1277.9247040113876,"[[34.799426458440394, 32.050095254861574], [34.79941660561198, 32.04985852991366], [34.7992800691318, 32.049101606958914], [34.799125578006475, 32.048301304262054], [34.798974676428216, 32.04750875015107], [34.79890756407798, 32.0470753683445]]"
48,2.5,גבעתי מנגבה עד קרייתי,דו סטרי,2014.0,419.44,,,20/08/2025 01:08:49,419.4391808723299,"[[34.79596254714324, 32.050693835899395], [34.7959138133876, 32.05071285188373], [34.795995677408115, 32.05095171542421], [34.79605037061586, 32.05175740389606], [34.79605716866548, 32.05199316235129], [34.79611066105877, 32.05283606465735], [34.796160297337835, 32.05307120082217], [34.79620118650727, 32.05349095788787], [34.79620471954734, 32.053704754344054], [34.796282985889846, 32.05374509098711], [34.79634062774624, 32.05439235902384]]"
49,2.5,שד' החייל מהגבור האלמוני עד מעפילים,דו סטרי,2004.0,896.69,,,20/08/2025 01:08:49,896.6936362001411,"[[34.799297017742454, 32.05639173030098], [34.79835936153156, 32.05641298845995], [34.798346235975494, 32.05645265229592], [34.79806908529762, 32.05645837432569], [34.79802515424937, 32.0564361756773], [34.79667563815448, 32.056471548037486], [34.79537532694207, 32.05650485541635], [34.79485199598515, 32.05654287155053], [34.79481584698031, 32.056516287176805], [34.7946656233454, 32.05651800206142]]"
50,2.5,יד לבנים ממשה דיין עד יגאל אלון,דו סטרי,2000.0,707.92,,,20/08/2025 01:08:49,707.9243815741027,"[[34.794889686792764, 32.06086820851431], [34.795912210858575, 32.06083750144967], [34.79699545932366, 32.06081290609254], [34.797745294656, 32.060819750807205], [34.79783737612155, 32.060799350096886], [34.79790669301713, 32.06082617524665], [34.798106270130766, 32.06083420982101], [34.79847595267561, 32.06084573781798], [34.79854198815646, 32.06082674113467], [34.7986077993207, 32.060860949361995], [34.799103910740826, 32.060898842785626], [34.79931549662926, 32.060964556331356], [34.80002557151315, 32.06107642554201]]"
51,1.6,יצחק שדה ממשה דיין עד נירים גדה דרומית,חד סטרי,2013.0,724.37,,,20/08/2025 01:08:49,724.3702705768555,"[[34.792436786777515, 32.06410610102035], [34.79326076415014, 32.063985790411024], [34.79379004287693, 32.06391083599725], [34.79461728279766, 32.0638323070602], [34.794652362252414, 32.063852386108664], [34.79470220917083, 32.06384755132848], [34.794737488858615, 32.0638227128265], [34.79530029535591, 32.063799569113165], [34.795610988626066, 32.06379308670924], [34.79629086725814, 32.06380775846806], [34.79658096013021, 32.063818675032365], [34.79673330150434, 32.0638316368808], [34.79682116155805, 32.06384689818478], [34.79699991520405, 32.06385245978507], [34.797363179166716, 32.06388607333416], [34.79801345956406, 32.06396553363918], [34.79842639481638, 32.06403423875948], [34.79889507730232, 32.06409064012621], [34.798937569946816, 32.064082091827494]]"
52,1.6,יצחק שדה ממשה דיין עד יגאל אלון גדה דרומית,חד סטרי,2013.0,617.02,,,20/08/2025 01:08:49,617.0156370233381,"[[34.79889149150009, 32.064341714165906], [34.79886655550037, 32.06432416670196], [34.798604113150255, 32.064274395564496], [34.79819118772163, 32.06420319309182], [34.797895381187224, 32.06415732652172], [34.79765521176014, 32.06412161162551], [34.79733884924544, 32.06408565159078], [34.79684082170918, 32.06403913293463], [34.796746937944675, 32.0640329423165], [34.79636324057065, 32.064007647869346], [34.7955924999465, 32.06399518141322], [34.79511768564779, 32.06400363185541], [34.79458999134025, 32.064036862085764], [34.7941590122424, 32.06407291017432], [34.793830594609744, 32.064109280051646], [34.79337567441251, 32.06417300501831], [34.793203369893384, 32.064200527872735], [34.79307127558392, 32.06424689314043], [34.79244056206019, 32.06437898596261]]"
53,2.5,בת ציון מעמינדב עד קלמר,דו סטרי,2013.0,228.6,,,20/08/2025 01:08:49,228.6009473343443,"[[34.796905562256754, 32.06261071742345], [34.7968588634729, 32.06307170147487], [34.79685526558398, 32.06317356337474], [34.796746937944675, 32.0640329423165], [34.79667086436207, 32.064662183324614]]"
54,1.5,ברנדיס,חד סטרי,2013.0,502.91,,,20/08/2025 01:08:49,502.9098112100757,"[[34.78720820213128, 32.09555486733378], [34.78720214313888, 32.09514917919759], [34.7871905172368, 32.09491949221627], [34.78717973206253, 32.094903404913346], [34.787184191408755, 32.094791634268006], [34.78715159707438, 32.09414100586045], [34.78712442820612, 32.09382103497094], [34.7871230432647, 32.093689910773264], [34.787099787750236, 32.09293088228311], [34.78707333930849, 32.09256905279949], [34.78706509127029, 32.092453975790754], [34.78703344882167, 32.091371748279236], [34.78703496626578, 32.09131733951103], [34.78704158827962, 32.09121101189867], [34.78706322451045, 32.09117489630612], [34.78705284291646, 32.09103027694702]]"
55,2.0,לאונרדו דה וינצ'י מקפלן עד הארבעה,דו סטרי,2013.0,316.61,,,20/08/2025 01:08:49,316.6084792720538,"[[34.784731848647795, 32.07332863417396], [34.78472212089865, 32.07162560131586], [34.78472140980638, 32.070473536762954]]"
56,1.5,יונה הנביא מאלנבי עד הירקון,,2014.0,323.86,,,20/08/2025 01:08:49,323.85863247611667,"[[34.76600660748194, 32.072737274900994], [34.76690810391199, 32.07249696538859], [34.768144730261845, 32.07215884677952], [34.769277924634565, 32.07185958871202]]"
57,1.5,שיינקין מיהודה הלוי עד המלך ג'ורג,חד סטרי,2012.0,893.94,,,20/08/2025 01:08:49,893.9424517366878,"[[34.77979903339022, 32.06781421651873], [34.7795794014137, 32.06786949331786], [34.779316988340454, 32.06791655253389], [34.778856479894145, 32.06801910060481]]"
58,2.5,משעול מנדלסון מהרצל עד גשר לבון,דו סטרי,2000.0,311.76,,,20/08/2025 01:08:49,311.75762282739186,"[[34.77227298831409, 32.046629849889726], [34.77160118637726, 32.04663231976935], [34.77125979146703, 32.046609700254386], [34.770615860520294, 32.0466361125144], [34.7699323155549, 32.046755351434044], [34.769168753994265, 32.046922007734864], [34.7690176884076, 32.046954981575794]]"
59,2.5,ג'ורג' וויז מככר 2418 עד משל ירוחם,דו סטרי,2015.0,556.61,,,20/08/2025 01:08:49,556.6147371857021,"[[34.80733916563578, 32.11031070454592], [34.807307069321354, 32.11027720182241], [34.8072932226785, 32.11024017623127], [34.807277992450636, 32.11019479577711], [34.80726978162334, 32.110150627687425], [34.80726022880007, 32.11009094469806], [34.807257601841776, 32.11004918384532], [34.80725366932139, 32.1099859383949], [34.807238578846196, 32.10991073636388], [34.80722625452912, 32.10984269415527], [34.80720567070762, 32.109773561935825], [34.80717801847304, 32.10968519051754], [34.80713359331187, 32.109587225601246], [34.80705570477571, 32.10944859342166], [34.80695556260568, 32.10926932909427], [34.80683872005726, 32.109061389622774], [34.8067274727099, 32.10885822903018], [34.806429796449805, 32.10833238326078], [34.806351785813604, 32.10822238190752], [34.80616235408527, 32.1079474004111], [34.80597570005403, 32.107679578515246], [34.805808440533895, 32.107464319279124], [34.80564669314261, 32.10727053964821], [34.80551834605431, 32.10713175663729], [34.80540393322298, 32.10701209013928], [34.80527832181139, 32.106890016553834], [34.80513588640958, 32.10676788079019], [34.80504649293964, 32.10669840501266], [34.80496550117923, 32.1066289556691], [34.80489015565858, 32.1065499832015], [34.80483443160308, 32.10647106357374], [34.804784353947746, 32.10638501058343], [34.80473997428018, 32.106275114328085], [34.80470397583965, 32.10617479440628], [34.80461865902718, 32.10594070135846]]"
60,2.5,משעול שירה מקלמר עד יד לבנים,דו סטרי,2013.0,197.03,,,20/08/2025 01:08:49,197.0327806504056,"[[34.79734948901786, 32.060769483329544], [34.79734471232481, 32.061494465409226], [34.797278951031636, 32.06157643619468], [34.797306915421444, 32.062528681690665]]"
61,2.0,רוקח מככר שטרן עד החניון,דו סטרי,2013.0,281.19,,,20/08/2025 01:08:49,281.18996221402404,"[[34.80938926547129, 32.104024099991804], [34.809154226811444, 32.103925541093], [34.80912064109518, 32.10391350566352], [34.80908158426669, 32.10386805102158], [34.80850241273624, 32.10362048751152], [34.80827853336428, 32.10353389249041], [34.807990146843856, 32.103456636091394], [34.807385580182576, 32.10324716057621], [34.80704412361012, 32.10312440292278], [34.80666612054733, 32.10302778056587]]"
62,2.5,יגור משד' החייל עד לה גוארדיה,דו סטרי,2013.0,310.41,,,20/08/2025 01:08:49,310.4137914559732,"[[34.79653636655615, 32.056484545705516], [34.796534652889214, 32.057170360645316], [34.79690887186956, 32.057193072819736], [34.79692812085262, 32.05724847763195], [34.79694716138813, 32.05735091920612], [34.796937125200444, 32.05741729485768], [34.79695646009468, 32.05745332946295], [34.79697249514557, 32.05750041843807], [34.79696584634821, 32.057533601022776], [34.79715634832061, 32.05780539085836], [34.797198465414766, 32.0578331931198], [34.797206920443095, 32.05812375938278], [34.79716428841139, 32.058212169304156], [34.79719370983911, 32.058906796319924]]"
63,2.5,צ'רצ'יל,דו סטרי,2013.0,242.58,,,20/08/2025 01:08:49,242.5820735189239,"[[34.79657731628313, 32.05647216961123], [34.79657854890589, 32.05634229757477], [34.79633969077627, 32.05618762915664], [34.79618087445229, 32.05599027476826], [34.796118443192135, 32.055854065510594], [34.79608168491321, 32.05561416075155], [34.796093191571956, 32.05443946094634]]"
64,2.5,רחוב 1247 מלוחמי גליפולי  עד יגל אלון,דו סטרי,2004.0,232.78,,,20/08/2025 01:08:49,232.77705610103,"[[34.794745207373474, 32.0624782503713], [34.792281990977465, 32.06255867763332]]"
65,2.0,לאונרדו דה וינצ'י משאול המלך עד קפלן,דו סטרי,2012.0,247.89,,,20/08/2025 01:08:49,247.89296511793515,"[[34.784731848647795, 32.07332863417396], [34.78469721911937, 32.0739817840172], [34.78451232059155, 32.075094140535825], [34.784271510002114, 32.07550389946864]]"
66,2.0,הגבורה מדם המכבים עד דרך השלום,דו סטרי,2015.0,237.7,,,20/08/2025 01:08:49,237.6998718937908,"[[34.80001232714163, 32.065809116550234], [34.80066727738809, 32.065866990235804], [34.801459017223834, 32.06591679883492], [34.80157875079748, 32.06590916252621], [34.801697174555024, 32.06589350502639], [34.80197560431572, 32.06588751775446], [34.80208051962119, 32.06588556028851], [34.80251613143914, 32.06592015526477], [34.80252014503853, 32.06592016799149]]"
67,2.2,שפע טל דרך גבעת התחמושת מהשלום למונטיפיורי,דו סטרי,2015.0,101.83,,,20/08/2025 01:08:49,101.82508064032932,"[[34.791627168977264, 32.07217283916751], [34.79166859181401, 32.07223367349662], [34.791764183781716, 32.0723267996134], [34.79180680605429, 32.07242009318567], [34.79181562867776, 32.07245065648282], [34.79182975281421, 32.072501094430905], [34.7919708603826, 32.07302838782671]]"
68,2.0,קלוזנר מקלצ'קין עד ג'ורג' וויז,דו סטרי,2015.0,799.48,,,20/08/2025 01:08:49,799.4845322273479,"[[34.8072094426795, 32.11578442374206], [34.80736199217411, 32.115790631154944]]"
69,2.49,שטרייכמן  מלוי אשכול עד בזביס זינגר,דו סטרי,2015.0,430.44,,,20/08/2025 01:08:49,430.4381958841619,"[[34.78627448493459, 32.11329880993663], [34.787335771569396, 32.1139597669645], [34.787359763158534, 32.114120841258675], [34.787506310135896, 32.11419862910958], [34.78774983578431, 32.1142070659639], [34.78871104913635, 32.11480805360296], [34.788779577034866, 32.11498837717084], [34.788823744928806, 32.11510169946297], [34.78894695320719, 32.115171072977176], [34.78904287247826, 32.11514818836134], [34.78908874564878, 32.1151215648853], [34.78915180614033, 32.11508770232982], [34.78920632778912, 32.11504650730664], [34.78929235185194, 32.114995676273494], [34.78963696138928, 32.11494505932418], [34.78980681002002, 32.11499040795913]]"
70,2.5,יצחק אלחנן ממוהליבר עד לפין,דו סטרי,2015.0,84.84,,,20/08/2025 01:08:49,84.84431342864542,"[[34.76674900805957, 32.06500114968613], [34.76735456935823, 32.06482875219552]]"
71,1.8,החשמונאים מארניה עד קרליבך,דו סטרי,2016.0,238.36,,,20/08/2025 01:08:49,238.3616962449004,"[[34.78560667259339, 32.069278655069816], [34.78520275381562, 32.06929662696742], [34.78485380546235, 32.069322357299846], [34.78439088836625, 32.069349226725336], [34.7843441554188, 32.06936433641985], [34.78423954471418, 32.06938189827196], [34.784173580286726, 32.06940537406648], [34.78407987170955, 32.06941059217673], [34.7840344391709, 32.06940649255378], [34.784003651478905, 32.06940140443782], [34.78381270545931, 32.06941602465037], [34.78349817738061, 32.06943393694248], [34.783463634509836, 32.0694523873434], [34.78322659320234, 32.069471602380375], [34.78316879232752, 32.06945495803938], [34.783125356463934, 32.06942006051977]]"
72,2.4,קרליבך מ- 454 עד ביליס מנחם,דו סטרי,2021.0,164.29,כביש,1638316800000.0,20/08/2025 01:08:49,164.28546284454893,"[[34.78324135954783, 32.06847592942567], [34.78333795834479, 32.06805954809296], [34.7833713488541, 32.06793376475302], [34.783496401085955, 32.06743123336477], [34.78347366291386, 32.06740367131223], [34.78355891487377, 32.067029916596056]]"
73,2.0,עליית הנוער - מתלם תעש,דו סטרי,2016.0,149.5,,,20/08/2025 01:08:49,149.50247906975432,"[[34.79981796438959, 32.071088603184904], [34.80030657188872, 32.072370991698165]]"
74,2.5,צ'לנוב מבגין עד שלמה,,2016.0,605.66,,,20/08/2025 01:08:49,605.6649845628576,"[[34.77591874933023, 32.06014545368973], [34.77565213373069, 32.05938170821429], [34.77541924984953, 32.058793932543786], [34.77515750226215, 32.05806020223479], [34.775157801349664, 32.05799614729209], [34.77484954860878, 32.0573936288803], [34.7744616791394, 32.05647514453417], [34.77439298243842, 32.056338956705666], [34.77422772819189, 32.05596491683772], [34.77412890901056, 32.05572007902681], [34.77377071439486, 32.055009040004535]]"
75,2.5,קלצ'קין מקלוזנר עד מניה וישראל,דו סטרי,2017.0,465.33,,1496102400000.0,20/08/2025 01:08:49,465.3295636804267,"[[34.80235030449859, 32.11814845264641], [34.80464609249034, 32.11775013232657], [34.8047839322473, 32.11771575495671], [34.805635815143035, 32.1175692530368], [34.80574076263903, 32.11757590948616], [34.80615076702123, 32.117505230987895], [34.80625890449791, 32.11746976572699], [34.806383838198094, 32.117441514227664], [34.8066251794, 32.11741124129888], [34.806723354576846, 32.11740916262997], [34.80677036434035, 32.11741372989245], [34.80690012863896, 32.117391815453274], [34.80699979977243, 32.11736825808233], [34.80710235313943, 32.117326807473304], [34.807150209422275, 32.117286379165236]]"
76,2.0,קוממיות מקלוזנר עד שפיה,דו סטרי,2017.0,104.44,,,20/08/2025 01:08:49,104.4417969971786,"[[34.807239175949384, 32.117371538581814], [34.80721466909347, 32.118313139845135]]"
77,2.0,יהודה הנשיא מרב אשי עד אנדרסן,דו סטרי,2017.0,755.13,,,20/08/2025 01:08:49,755.1260188592244,"[[34.79445157504472, 32.11457690099277], [34.795753892636014, 32.121231820485306], [34.795773835105145, 32.12125753513647], [34.795809333060454, 32.121268547725634]]"
78,2.0,קוממיות חיבור לקקל,,2017.0,138.02,,,20/08/2025 01:08:49,138.02302857066476,"[[34.80685238213844, 32.118966751617414], [34.80737235275298, 32.11922320885878], [34.80770429016197, 32.1197967731904], [34.807754521059195, 32.119880315711605]]"
79,2.5,שושנה פרסיץ מ-2040 עד מכללת לוינסקי,דו סטרי,2018.0,886.73,,,20/08/2025 01:08:49,886.731244631221,"[[34.79206684911991, 32.13183933674322], [34.792638807089006, 32.131712415927836], [34.79267981300771, 32.131726290623185], [34.79307880527861, 32.13161477572], [34.79316386459921, 32.131602472207476], [34.793309687946895, 32.131525170830834], [34.793372578256516, 32.13151230552257], [34.79347322572679, 32.131486493236004], [34.793573947685566, 32.13144404776681], [34.79368586168831, 32.131396886142035], [34.7937375171435, 32.13139824225724], [34.79383231342846, 32.13143181730825], [34.79387565647684, 32.13141888835569], [34.794055975099084, 32.13137432438945], [34.794249322880965, 32.13135118810561], [34.794357929876455, 32.131360904906956], [34.79446399976691, 32.13137039516909], [34.79480665450879, 32.1314272505073], [34.79497949225826, 32.1314943438562], [34.79513133966094, 32.13157206333208], [34.79533172708152, 32.131723602334745], [34.7954151371344, 32.13180585180088], [34.79549551903544, 32.13191269020438], [34.795556718464184, 32.13199403278739], [34.79561211845425, 32.13209520210095], [34.795874145992805, 32.132514860991336], [34.796030882125756, 32.13274942653126], [34.79607879050166, 32.13279657104326], [34.79612955752724, 32.13287504179163], [34.79614701329319, 32.13294379572743], [34.79614983676059, 32.133002286203165], [34.79621905870913, 32.13313557885255], [34.79626451653227, 32.133274735781505], [34.79630170556367, 32.133380428917526], [34.79632486300738, 32.13352635934646], [34.79642333710318, 32.133867006876265], [34.79652216059507, 32.13417597860057], [34.79676012011668, 32.13469055517114], [34.79695624434521, 32.13502341324384], [34.79707194583794, 32.135238517502444], [34.797239619243975, 32.13554494798104], [34.79736013878013, 32.13574791326774], [34.797445090521315, 32.135918350513165], [34.79755373316166, 32.13611520033024], [34.79765532305727, 32.13629176889832]]"
80,2.0,רמז מז'בוטינסקי עד פנקס,דו סטרי,2018.0,308.66,,1529280000000.0,20/08/2025 01:08:49,308.6552429929748,"[[34.78617687087102, 32.08775433339194], [34.78650635707777, 32.09010309234235], [34.786522718672636, 32.09018575984222], [34.78653092269212, 32.090519794954]]"
81,2.3,רמז מארלוזורוב עד זבוטינסקי,דו סטרי,2012.0,214.48,,,20/08/2025 01:08:49,214.48062006802013,"[[34.785819798436634, 32.085081344321246], [34.78586021867003, 32.085432525420394], [34.78588112490281, 32.08560495929892], [34.785903804445006, 32.085792021499046], [34.7859480783517, 32.0860326562147], [34.78595312468752, 32.086167224866635], [34.78606307592293, 32.08700367131556]]"
82,2.0,מטלון מהעליה עד הר ציון,דו סטרי,2017.0,347.48,,,20/08/2025 01:08:49,347.4818061784227,"[[34.773527148046995, 32.058815066425275], [34.77672649873257, 32.05726731941519]]"
83,2.5,נירים מיצחק שדה עד השלושה,דו סטרי,2018.0,272.63,,1530316800000.0,20/08/2025 01:08:49,272.63240674470114,"[[34.79089146228107, 32.06438154349222], [34.79087533446494, 32.06438445776242], [34.7908727058948, 32.06424609656014], [34.79079199479937, 32.06412961951578], [34.79068766969168, 32.06377360490598], [34.79058314056087, 32.0621092145436], [34.79052310803975, 32.06207080606799], [34.79043812719859, 32.06205947800976]]"
84,2.5,הרכבת אלישברג עד הצפירה,,2014.0,317.87,,,20/08/2025 01:08:49,317.86521005222545,"[[34.78272915050092, 32.06027681983993], [34.7807062659165, 32.062076070813546]]"
85,2.0,בצלאל יפה,דו סטרי,2014.0,48.22,,,20/08/2025 01:08:49,48.21710925597251,"[[34.77585481499697, 32.063661113207665], [34.77561957209431, 32.064047031906405]]"
86,2.0,חכמי  לובלין מחכמי ישראל עד קבוץ גלויות,דו סטרי,2018.0,257.36,,1532995200000.0,20/08/2025 01:08:49,257.359259899491,"[[34.77902932552193, 32.04783793249498], [34.77921628469457, 32.048586328042674], [34.779418807611236, 32.04913852122027], [34.779618992586805, 32.04964906868702], [34.779810484050465, 32.05005655070348]]"
87,2.0,הבעל שם טוב משד' ירושלים עד יפת,דו סטרי,2018.0,416.86,,,20/08/2025 01:08:49,416.8578712830497,"[[34.7545432013748, 32.03790040598422], [34.75305153187692, 32.03770352213779], [34.751468844703545, 32.03752100751946], [34.75107994302912, 32.03746948896698], [34.75019765146662, 32.037269513804766]]"
88,2.0,צבי צור מיפת עד קדם,דו סטרי,2018.0,247.91,,1532995200000.0,20/08/2025 01:08:49,247.91347383757488,"[[34.74710446483481, 32.03796850204008], [34.74776018988535, 32.03781535935705], [34.74787737931457, 32.03776812255378], [34.74793464229961, 32.03775770560302], [34.74828906191228, 32.03768644988495], [34.74861430765056, 32.03762080566815], [34.749497030602775, 32.037424103363485], [34.74962543819667, 32.03736558498804]]"
89,2.5,גן דוידוב,דו סטרי,2018.0,370.37,,,20/08/2025 01:08:49,370.37094185871695,"[[34.7581141906843, 32.03798948501237], [34.758167106380334, 32.037980895004075], [34.75820557596235, 32.03797739074763], [34.7583315450398, 32.037989816970004], [34.75890994611044, 32.03809327045628], [34.75931199259386, 32.038157631944834], [34.76009957964551, 32.038303780821984], [34.76016119856579, 32.03829700241865], [34.760483088649735, 32.03819315663495]]"
90,3.0,יגאל ידין מתל גבירוים עד היינריך היינה,,2018.0,208.71,,,20/08/2025 01:08:49,208.7140466300644,"[[34.76894685888586, 32.036912210491714], [34.76717354970553, 32.037555083414034]]"
91,2.3,רחוב 3922 גדה מערבית,חד סטרי,2018.0,436.4,,,20/08/2025 01:08:49,436.39937919910375,"[[34.79879891989374, 32.046763550568215], [34.798700246692505, 32.0462941131493], [34.79819165733174, 32.04496638897789], [34.79796201007901, 32.0444488443603], [34.797857845634205, 32.044191583200984], [34.7978134142969, 32.044081978356324], [34.79738740181084, 32.04302182499713]]"
92,2.0,אייזיק חריף מסהרון עד יפת,דו סטרי,2014.0,116.64,,,20/08/2025 01:08:49,116.64178513497828,"[[34.74804323938789, 32.03527168542328], [34.7481242127541, 32.035210420496604], [34.748184983552704, 32.035156234044514], [34.74827275710587, 32.035079248199075], [34.74832513276321, 32.03502503147964], [34.748374180928, 32.034960792880746], [34.74844374711344, 32.03482790247481], [34.74848963077927, 32.03472499262741], [34.74851525876236, 32.03464204775937], [34.74854600735034, 32.03454051732368], [34.748586716959785, 32.0344647868824], [34.74864921983076, 32.034400587513616], [34.74866716676695, 32.034391881185165]]"
93,2.0,שקד משזר קורקידי,דו סטרי,2019.0,412.66,,,20/08/2025 01:08:49,412.66385766699614,"[[34.76700118840131, 32.03994380601614], [34.76550998852858, 32.04025619850851], [34.76547230745413, 32.04029044979927], [34.76544338858928, 32.04032707607265], [34.765261943217254, 32.04037069151217], [34.76521082239856, 32.04037217825734], [34.76516303703335, 32.04034650824616], [34.76511971902411, 32.04033467816703], [34.76507252178316, 32.040343932058086], [34.76493193673681, 32.040371494211435], [34.76485140985918, 32.04039164247489], [34.764753089673725, 32.0404152171234], [34.76397162907682, 32.040576685333036], [34.762994607322064, 32.040787630228564], [34.76296042002483, 32.0407951665196], [34.7629209499017, 32.04077971937458], [34.76287971257123, 32.04075814109289], [34.76282013835799, 32.04073256802701]]"
94,1.7,שזר משקד עד שזר,דו סטרי,2019.0,127.1,,,20/08/2025 01:08:49,127.09533252944628,"[[34.76282013835799, 32.04073256802701], [34.76256656052156, 32.03977781329198], [34.76258956964526, 32.03971979100651], [34.762618837851356, 32.03968998054366], [34.762658185066805, 32.03963809324701], [34.76266343991037, 32.0396351266224]]"
95,2.0,לוי אשכול מפרופס עד מאיר יערי,,2011.0,2541.1,,,20/08/2025 01:08:49,2541.096883737503,"[[34.789357418876925, 32.10056111127476], [34.789256106939895, 32.10100176555213], [34.789186228925644, 32.10131742358002], [34.7891328158554, 32.10155373609893], [34.78910447114702, 32.10158905895681], [34.78909494708109, 32.10161758905328], [34.78909086857466, 32.101629000390375], [34.789106752444994, 32.10167817809012], [34.78906723264293, 32.10181000124467], [34.78899380072273, 32.10202111440139], [34.78896382287266, 32.102120408974926], [34.78892823487565, 32.102273380996905], [34.788865284919325, 32.10254050761755], [34.788874130089695, 32.102560872777616], [34.78880625923763, 32.10260680253215], [34.78886643336709, 32.10268907767577], [34.78883810659436, 32.103002024790065], [34.78867751077294, 32.10305668970276], [34.788484820370364, 32.10406384350263], [34.7884747653882, 32.10416686639003], [34.788467065188144, 32.1044211983661], [34.78844827416555, 32.104549163863], [34.788386377183556, 32.10484673061188], [34.788264357082916, 32.10541979502684], [34.788229910953575, 32.10561618329799], [34.788220902656995, 32.10574597993752], [34.78819695231508, 32.10607648262431], [34.788204227985304, 32.106247873440736], [34.788224614767714, 32.10639612878281], [34.788276413659005, 32.10671759827362], [34.788389511554456, 32.107419493612205], [34.78850333863992, 32.10792208976108], [34.788735821288796, 32.10919485488263], [34.788830507053625, 32.109627011707595], [34.788811011970644, 32.1097823205227], [34.78881056174022, 32.10988171271766], [34.78882784097712, 32.109919470279344], [34.788863011237424, 32.109989984307916], [34.788894301071394, 32.11016612050678], [34.788865529376764, 32.11019263954045], [34.78892175460186, 32.1102259546283], [34.788938220219215, 32.110262311739945], [34.78897308359734, 32.110451185603274], [34.78891101368896, 32.110522956021036], [34.788919020459176, 32.11053326442294], [34.788988461926735, 32.11061232161219], [34.789034892881546, 32.11080226142504], [34.78913546310678, 32.111349111597114], [34.78917313227607, 32.111626850887305], [34.78916565176596, 32.1116936025069], [34.789178968877174, 32.11176856451651], [34.78919490416832, 32.11185826754004], [34.789217588736385, 32.111888045747754], [34.78924937242643, 32.11194971828898], [34.789241274512094, 32.11199322893322], [34.78922112342897, 32.11207368489583]]"
96,2.5,יריד המזרח,דו סטרי,2012.0,260.28,,,20/08/2025 01:08:49,260.28098806482683,"[[34.77453354477967, 32.09795377985631], [34.77481579546198, 32.09806194421211], [34.77535576448194, 32.09825766784668], [34.7757363492764, 32.09840504722613], [34.776097024837476, 32.09851731210065], [34.776378856854244, 32.09861311531674], [34.77707779389256, 32.098856854850226]]"
97,2.2,בני דן מאבן גבירול עד יוחנן הגדי,דו סטרי,2016.0,173.33,,,20/08/2025 01:08:49,173.33231116297165,"[[34.78382004097993, 32.09540380303799], [34.78539084765169, 32.095393094712705], [34.78553103396545, 32.095409279151895], [34.78553511575535, 32.09551465634633]]"
98,2.6,אבא אחימאיר מקשאני עד בית צורי,דו סטרי,2018.0,320.24,,,20/08/2025 01:08:49,320.2380934440699,"[[34.80453359101316, 32.12432878118045], [34.80438204887, 32.12436051326196], [34.80429286314937, 32.12436667379796], [34.80418433411153, 32.12437205711592], [34.80387963436847, 32.124420482440016], [34.8036772228721, 32.12445239813423], [34.80362631324739, 32.124460426085044], [34.803559838794435, 32.124470907186534], [34.80337121479299, 32.12450691594136], [34.803125457575405, 32.12454049521577], [34.80300716078905, 32.124547890906456], [34.80295552026961, 32.12454711397492], [34.80278844454266, 32.12455435749966], [34.80269864879033, 32.1245707736488], [34.80259630645217, 32.12455885921235], [34.80255553089748, 32.124598951091315], [34.80249375326278, 32.124622616163194], [34.80241235029729, 32.124643829175845], [34.8023197985306, 32.12464831474674], [34.80180368657802, 32.12469915844059], [34.80120351989078, 32.12473543012705]]"
99,2.5,רקנאטי מאבא אחימאיר עד קקל,דו סטרי,2018.0,348.36,,1530316800000.0,20/08/2025 01:08:49,348.35900817746005,"[[34.80259630645217, 32.12455885921235], [34.80262608957965, 32.124546877057675], [34.80267063544169, 32.12444632000473], [34.802695532730475, 32.12436288495773], [34.8026853997007, 32.124276362887855], [34.80259244394247, 32.12389431650476], [34.80240777435935, 32.12284986330992], [34.80220566959152, 32.12194082097322], [34.80218248206347, 32.121809896886084], [34.802150252646484, 32.121763504208175], [34.802077304474984, 32.12171021066582], [34.80202501718384, 32.121681390382314], [34.80195899300188, 32.12167371740373], [34.80186090982518, 32.121676469885216]]"
100,2.4,ג'ורג' וויז מרוזנפלד שלום עד שבט ראובן,דו סטרי,2015.0,164.55,,,20/08/2025 01:08:49,164.5543771402268,"[[34.802848824744835, 32.108161798042175], [34.80282930141327, 32.10811264299812], [34.802857640738274, 32.108047795354835], [34.802226106985394, 32.10679544029165]]"
101,2.18,אופנהיימה מקקל עד רב אשי,דו סטרי,2020.0,104.35,,,20/08/2025 01:08:49,104.34915005620388,"[[34.80029151779109, 32.12065045033866], [34.80046921824697, 32.12157921478738]]"
102,3.2,מסוף סבידור מנמיר עד המסוף,דו סטרי,2019.0,129.48,,,20/08/2025 01:08:49,129.47645193627076,"[[34.795097852009356, 32.08360520288754], [34.79643474275489, 32.0833448389872]]"
103,2.5,שאול המלך מאבן גבירול עד  נמיר,,2004.0,131.41,,,20/08/2025 01:08:49,131.4109376670885,"[[34.7907412419864, 32.07770463146855], [34.79069153687235, 32.077676264872274], [34.789676903233726, 32.07733438985953], [34.78944322554567, 32.07728493731022]]"
104,1.5,ז'בוטינסקי מאבן גבירול עד נמיר גדה צפונית,,2016.0,620.47,,,20/08/2025 01:08:49,620.4702687382758,"[[34.792893262373454, 32.08628492341734], [34.7929039688306, 32.08628288588449], [34.794789474513465, 32.08592553044167]]"
105,1.5,ז'בוטיסנקי מרמז עד נמיר גדה דרומית,חד סטרי,2016.0,500.72,,,20/08/2025 01:08:49,500.71762036586745,"[[34.79132532080435, 32.08636615367139], [34.792310574168496, 32.08617848987082], [34.793893652833965, 32.0858773108917], [34.794684185152406, 32.08571510334858]]"
106,1.5,הרכבת מבני ברק עד הצפירה,חד סטרי,2014.0,84.86,,,20/08/2025 01:08:49,84.86359376328373,"[[34.782724455224965, 32.059857589001645], [34.78258267780905, 32.0599789851968], [34.7825542449339, 32.060020580334445], [34.782535306844444, 32.06004456805017], [34.78210245023231, 32.060407125238115]]"
107,2.0,לה גווארדיה מ- 4870 עד החרש,דו סטרי,2000.0,122.85,,,20/08/2025 01:08:49,122.85393147368544,"[[34.78426957372387, 32.058539964595745], [34.78436739456627, 32.05897162419109], [34.784386112183654, 32.05899573696635], [34.784421739044205, 32.059029536887465], [34.78455345842786, 32.0590460070802], [34.78479637447569, 32.05904199588977], [34.7849771898779, 32.059029770862956], [34.785105442787874, 32.05898208465483]]"
108,,פארק החורשות מקיבוץ גלויות עד בן צבי,דו סטרי,2013.0,1121.61,,,20/08/2025 01:08:49,1121.6120722378748,"[[34.77018481651688, 32.04495654709896], [34.77013170533733, 32.0447352548799], [34.769566819526155, 32.044128847751004]]"
109,2.0,בן צבי מחיל שריון עד  שלבים,,2014.0,853.65,,,20/08/2025 01:08:49,853.6488895500031,"[[34.77115782610977, 32.04299167886099], [34.771535819297455, 32.0427802551983]]"
110,2.2,שביל חיבור בין ארליך לשמואל ירחינאי,דו סטרי,2000.0,76.83,,,20/08/2025 01:08:49,76.82631929231454,"[[34.755975733152866, 32.04527686936851], [34.75620553017324, 32.04594145411836]]"
111,1.0,בת ים משפתי ישנים עד זכרון קדושים,חד סטרי,2000.0,211.91,,,20/08/2025 01:08:49,211.90502141729377,"[[34.744120458172915, 32.033834064889014], [34.744395588092004, 32.034268121720594], [34.74447373972509, 32.03438833629559], [34.74484046372516, 32.03497573313292], [34.74520214071361, 32.03541543770688], [34.745280393302195, 32.03545599417433]]"
112,2.5,מחרוזת,דו סטרי,2015.0,356.02,,,20/08/2025 01:08:49,356.0247938804164,"[[34.75728895723342, 32.033334115745966], [34.75870553685497, 32.03310367685422]]"
113,2.5,רחוב 3920,,2000.0,209.34,,,20/08/2025 01:08:49,209.34299117682332,"[[34.79564228941238, 32.044135306533384], [34.7967517171753, 32.0443880168369], [34.79689826476809, 32.04439807760507], [34.79710851983639, 32.04438505677206], [34.79718487116209, 32.04436361209212], [34.797372680280475, 32.04432978830446], [34.79750621831697, 32.04429736370759], [34.79767194219694, 32.04425545977001], [34.797788846513484, 32.044215213465726]]"
114,1.5,הטייסים מבר לב עד מחר,דו סטרי,2004.0,530.02,,,20/08/2025 01:08:49,530.0180685423243,"[[34.81317471242559, 32.044725177350976], [34.81326506123858, 32.045144979634074], [34.813397276421576, 32.04571884714889], [34.81366491234689, 32.04694807758327], [34.81372355433976, 32.04732553266285], [34.8137712354893, 32.047778406985245], [34.813783618005004, 32.0482009894804], [34.81361537672388, 32.04859887430593], [34.81363967143526, 32.04871967226722], [34.813613259267214, 32.0494335496268]]"
115,1.6,משה דיין מהשלום עד יצחק שדה גדה מערבית,חד סטרי,2014.0,707.51,,,20/08/2025 01:08:49,707.5147136582901,"[[34.79889149150009, 32.064341714165906], [34.79892539607904, 32.064364313289914], [34.79893080046742, 32.0644211253398], [34.79886849291534, 32.06473229617976], [34.79886108672079, 32.06480275641697], [34.79880523986652, 32.06513283136596], [34.79877579250872, 32.0653743808517], [34.7987189584809, 32.06599031104587], [34.79871116967631, 32.066085019172235], [34.79868603765909, 32.0664212252849], [34.798674011469025, 32.06700315701157], [34.798684996028136, 32.06719449791092], [34.79870504476793, 32.06747245769261], [34.79875629073769, 32.06792600563422], [34.798793557226524, 32.068139042912], [34.79888451888985, 32.06860272231578], [34.798931006483635, 32.068786123761065], [34.79897752091588, 32.068963483279326], [34.799138538498035, 32.06945332742373], [34.79933066829937, 32.06994661642084], [34.79935368389462, 32.07000376424947], [34.79959231189927, 32.070592529600106]]"
116,2.0,ויצמן משאול המלך עד ברוביץ גדה מערבית,דו סטרי,2000.0,112.1,,,20/08/2025 01:08:49,112.09626702241069,"[[34.78864441305323, 32.0770387721099], [34.78843763197765, 32.07751687171766], [34.788393998425455, 32.077595680018305], [34.788359511680476, 32.07770346572931], [34.78832830818591, 32.07776916674602], [34.788297022570056, 32.07785064877413], [34.78828434063428, 32.07792165900335], [34.78827472879024, 32.07799532155121]]"
117,2.6,הרב ניסים מבבלי עד הרב גורן,דו סטרי,2019.0,321.61,,,20/08/2025 01:08:49,321.6057577148293,"[[34.79845547747881, 32.09100823008406], [34.798508285822656, 32.09110861122687], [34.79855489856402, 32.09117229413264], [34.79864185903875, 32.09132014104227], [34.79873210999932, 32.09144641055815], [34.79876807807965, 32.09148875729518], [34.79878930885051, 32.09158823010595], [34.79890424551665, 32.09173269091307], [34.79932305921054, 32.09226139822678], [34.799495589700356, 32.09248049953732], [34.79982028500815, 32.09289550468065], [34.79995540725972, 32.09311304302224], [34.80001927342264, 32.093215861177654], [34.80014112904251, 32.09350977885027]]"
118,2.0,סטפן צוויג מחנה רובינא עד יגאל מוסינזון,דו סטרי,2013.0,129.49,,,20/08/2025 01:08:49,129.48850757289304,"[[34.81785802872776, 32.1222168203863], [34.81773851650146, 32.1210535600647]]"
119,2.0,דבורה הנביאה מדיסנצ'יק עד 2185,דו סטרי,2019.0,1762.47,,1572480000000.0,20/08/2025 01:08:49,1762.4683486979147,"[[34.84184630625821, 32.1136492533389], [34.840948048330745, 32.114268947406224], [34.84090656464403, 32.114312897686474], [34.84103410863709, 32.11445865224439], [34.84106241590223, 32.114499927015316], [34.84105948247734, 32.11452172647202], [34.840886548476746, 32.11468342257177], [34.84087059482042, 32.11476834478325], [34.84082236674591, 32.1147245896829], [34.8407398481735, 32.11471223725932], [34.84065712890035, 32.114750770141825], [34.840371591408136, 32.11495833959548], [34.84030298683037, 32.11502720197661], [34.840174500311115, 32.11511891197331], [34.84002033324341, 32.115225087428705], [34.839877630080984, 32.11531190911643], [34.83968627592206, 32.11546159374859], [34.839560625618326, 32.115555734375434], [34.8393778020387, 32.11570786530218], [34.83922628615151, 32.11586250934003], [34.839101390751665, 32.11598075097913]]"
120,2.5,שנקר אריה מקויפמן עד המרד,דו סטרי,2000.0,109.0,,,20/08/2025 01:08:49,108.99785407520343,"[[34.76297599544179, 32.06253169185639], [34.76188632151434, 32.06285584566344]]"
121,2.5,תובל מיגאל לון עד שד' ההשכלה,דו סטרי,2000.0,254.11,,,20/08/2025 01:08:49,254.108688549077,"[[34.79405552222939, 32.07030936228929], [34.79446959271884, 32.07021974335413], [34.79461942108763, 32.07014663738438], [34.79500280499767, 32.07006441584985], [34.795556466076896, 32.06991213968801], [34.79575963922971, 32.06993277141242], [34.796368594560796, 32.06979294512876], [34.79640995187156, 32.06974593181903], [34.796614171099435, 32.06970525647663]]"
122,2.3,בשביס זינגר,דו סטרי,2012.0,110.59,,,20/08/2025 01:08:49,110.59378835626026,"[[34.78582029124128, 32.11384994905444], [34.78583008945991, 32.11395272154829], [34.78581450407885, 32.11399201481433], [34.785778374009055, 32.11403124016594], [34.78571401562017, 32.114063816221865], [34.785688012862536, 32.114133672516374], [34.785705523907446, 32.114234279184124], [34.78580102452526, 32.11469362932578], [34.785836866211504, 32.114719980652936], [34.78590099565119, 32.11473767816518]]"
123,2.0,משה סנה מבני אפריים עד קרית שאול,חד סטרי,2000.0,95.72,,,20/08/2025 01:08:49,95.7213716253198,"[[34.82436877533616, 32.12294006309622], [34.8243019415869, 32.12324946272653], [34.824099852157666, 32.12377042027536]]"
124,2.5,"אונטרמן מכ""ה עד בר לב",דו סטרי,2019.0,191.68,,,20/08/2025 01:08:49,191.67998790531936,"[[34.80499259968561, 32.048131970216936], [34.804686658742774, 32.04642317846119]]"
125,2.0,קרייתי מגבעתי עד משה דיין,דו סטרי,2017.0,337.48,,1496102400000.0,20/08/2025 01:08:49,337.47575666664017,"[[34.799426458440394, 32.050095254861574], [34.799362952121584, 32.050053391871785], [34.79615990029989, 32.0506318538314], [34.79614481356483, 32.050634578258716], [34.7960836339454, 32.05067991000756], [34.79596254714324, 32.050693835899395]]"
126,2.6,"מח""ל 4881 עד אלנקווה",דו סטרי,2020.0,256.78,כביש,1585612800000.0,20/08/2025 01:08:49,256.7821389934588,"[[34.804461448551734, 32.049115468446125], [34.803740256699335, 32.04916697599845], [34.803664537750734, 32.04918462824573], [34.80345421012878, 32.049234066841194], [34.803422174890756, 32.04922814444932], [34.80337672890242, 32.04924231666159], [34.80335653368701, 32.049247980063726], [34.80327249726548, 32.049246282148594], [34.803201776516744, 32.04927469028484], [34.80231525772133, 32.049433652484396], [34.801958633162705, 32.0494969431713], [34.8019082011703, 32.04949821421318], [34.80186954091523, 32.04949809146742], [34.80179651472828, 32.04948605511213]]"
127,2.7,ברזילי ממקווה ישראל עד החשמל,,2019.0,149.87,,,20/08/2025 01:08:49,149.87442757843107,"[[34.77548438973909, 32.061271751153015], [34.77530007628114, 32.061728589861104], [34.77528531935314, 32.061772884503256], [34.775288080077615, 32.061832085514766], [34.77509188193021, 32.06232426624495], [34.775078725769184, 32.062346157712575], [34.77504776223547, 32.06240653224295], [34.775006570086674, 32.06246735547217], [34.774946608744585, 32.06253247073666]]"
128,2.0,עזה מדאנטה עד חבר הלאומים,דו סטרי,2000.0,130.97,,,20/08/2025 01:08:49,130.96608094845064,"[[34.75930804269058, 32.04673655162436], [34.759448396015955, 32.046677390820854], [34.75954838765398, 32.047721573607205]]"
129,2.5,גרוסמן מתל גיבורים עד גרינבויים,דו סטרי,2019.0,390.74,,1564531200000.0,20/08/2025 01:08:49,390.73941730745946,"[[34.76586532261911, 32.041312673486765], [34.765942047022605, 32.0412765578339], [34.766192207195466, 32.04122651199029], [34.76848493677583, 32.040778897378516], [34.768886249345215, 32.04070054268605], [34.76913849653951, 32.04065850158209], [34.76919718905162, 32.04065552693718], [34.769337472139206, 32.04064127307594], [34.76947517620285, 32.04062096099015], [34.769668805279906, 32.04061423122709], [34.76986187100089, 32.0406075208805], [34.76990537039598, 32.040599935277825]]"
130,2.0,גרינבויים משקד עד גרוסמן,דו סטרי,2019.0,123.26,,1564531200000.0,20/08/2025 01:08:49,123.25978000204005,"[[34.76545944972821, 32.04032010671391], [34.76546192937093, 32.040352030622564], [34.76546169590288, 32.04040096105395], [34.765534510716385, 32.04062143073228], [34.76557132598999, 32.04075405395311], [34.765626436680066, 32.04097977565321], [34.76567158728329, 32.041073386401806], [34.765694223390945, 32.041107448757195], [34.76572125611849, 32.041116038070584], [34.76575968688688, 32.04112466681021], [34.76579586677136, 32.04111731701535], [34.76583880080186, 32.041251977724215], [34.76586532261911, 32.041312673486765]]"
131,2.0,סהרון מפיקוס עד 3405,דו סטרי,2014.0,153.04,,,20/08/2025 01:08:49,153.03689490657487,"[[34.74952166760424, 32.03431944946536], [34.74969837154334, 32.03438880968615], [34.74995529426121, 32.0344312464961], [34.75018033821657, 32.03442757089108], [34.75106748034267, 32.03416608753881]]"
132,2.0,יהודה הימית מאבוטבול עד נמל יפו גדה צפונית,חד סטרי,2012.0,571.73,,,20/08/2025 01:08:49,571.7291391493245,"[[34.757066020659266, 32.049798527014225], [34.756131788977086, 32.049862177765405]]"
133,1.5,יהודה הימית מאבוטבול עד נמל יפו גדה דרומית,חד סטרי,2012.0,678.49,,,20/08/2025 01:08:49,678.4937818052223,"[[34.756860925375186, 32.04973176143966], [34.75601470191718, 32.049792724437346]]"
134,2.5,בן צבי מ3320 ,דו סטרי,2013.0,105.7,,,20/08/2025 01:08:49,105.7028058497068,"[[34.76209138090505, 32.04946340189201], [34.76205829204879, 32.049476321826766], [34.76192358308983, 32.049525955217426], [34.761833796465794, 32.04955427365956], [34.76177478558974, 32.04959224945527], [34.76106482629594, 32.04983790538054]]"
135,2.0,קויפמן מהמרד עד חלץ,,2013.0,306.81,,,20/08/2025 01:08:49,306.8091603271693,"[[34.76003199885324, 32.05784717060593], [34.760077557893695, 32.058017794648], [34.76010143008903, 32.05810719965513], [34.76012177357903, 32.05835006961072], [34.760154182419484, 32.05869376490397], [34.76022457746381, 32.058937955503666], [34.7602888305678, 32.059096548352244], [34.760376338237215, 32.0593574819119], [34.76062332454299, 32.05996736474236], [34.76084275279546, 32.06051230026404]]"
136,2.5,שמחה הולצברג משדרות ירושלים עד יפת,דו סטרי,2018.0,632.43,,,20/08/2025 01:08:49,632.4298390320517,"[[34.74964514971917, 32.02952336025174], [34.749527971585394, 32.02959975652044], [34.74880642842817, 32.02999588594183], [34.7487410234832, 32.03007642091637], [34.74872997330607, 32.03006904963764], [34.74868487508789, 32.03011649231714], [34.748659317185925, 32.03013064338505], [34.747488394912835, 32.03078207016781], [34.74743106454678, 32.030778142798695], [34.74735553029428, 32.03083776314055], [34.747328170463405, 32.03094586429664], [34.74726912701515, 32.0309909854832], [34.747145557508766, 32.031057347477564], [34.747053248638764, 32.03103315498152], [34.74698101512779, 32.03107905270073], [34.74584940689756, 32.03171245464271], [34.745750464321254, 32.03173459023534], [34.74422792239882, 32.03254006961865], [34.74413005617638, 32.03257957094661]]"
137,1.8,ויצמן מבני דן עד פנקס גדה מזרחית,,2018.0,403.6,,,20/08/2025 01:08:49,403.5974878107197,"[[34.79060300593049, 32.093291813000526], [34.79061181589116, 32.09299155247397], [34.79068437058401, 32.09125470146777]]"
138,1.2,בלוך משילה עד ארלוזורוב גדה דרומית,חד סטרי,2012.0,463.3,,,20/08/2025 01:08:49,463.2988654337083,"[[34.78166997856055, 32.08159438305927], [34.78196902137344, 32.08161528464483], [34.78206963648798, 32.08163616275934], [34.782177468199805, 32.08166297154777], [34.782309582198096, 32.08169940925937], [34.7825705656678, 32.08179799965198]]"
139,2.0,משמר הירדן מדבורה הנביאה עד וולנברג,,2019.0,1455.95,,,20/08/2025 01:08:49,1455.9546626089373,"[[34.83038201250309, 32.107030195595286], [34.83034972962475, 32.10738528122937], [34.8303106662233, 32.10775089499479], [34.83032045915148, 32.1078538014403], [34.830229835467385, 32.108519317600056]]"
140,2.0,שארית ישראל מ-3429 עד שד' ירושלים,דו סטרי,2019.0,482.78,,1566432000000.0,20/08/2025 01:08:49,482.7816674704901,"[[34.764360872778276, 32.05175081527641], [34.76302105748486, 32.0521260069075], [34.76266546601413, 32.052211923654404], [34.76252915431516, 32.0522565245816], [34.7625037353172, 32.05230151196389], [34.76241789117238, 32.05233340931319], [34.76221857315779, 32.05237779021536], [34.76135550309188, 32.052610888018755], [34.761363083879225, 32.05260662199163], [34.761075410166775, 32.052680742619266], [34.76091388522908, 32.052727399882016], [34.7607802069502, 32.052748396558506], [34.76056090097507, 32.05275621485906], [34.76023072340875, 32.05275935093416], [34.75962834480157, 32.05276367857214], [34.75947463878368, 32.05275669951092]]"
141,3.0,פארק הירקון מגשר 9078 עד אבן גבירול,,2004.0,711.25,,,20/08/2025 01:08:49,711.2532755303932,"[[34.77799671363471, 32.09707440897356], [34.77794281234957, 32.0971452133098], [34.77787858081358, 32.097275800022004], [34.7778034544778, 32.09742576543197], [34.777758051006934, 32.09756520066733], [34.77772294735332, 32.097700384394166], [34.77771182466374, 32.09776881402411]]"
142,2.5,רוקח מגשר התערוכה עד אבן גבירול,חד סטרי,2013.0,477.6,,,20/08/2025 01:08:49,477.6007835014804,"[[34.78251423887066, 32.09841808967178], [34.78242060227706, 32.098417777774124], [34.78199492556004, 32.09830377117255], [34.781897032008196, 32.09828676167484], [34.78179421439829, 32.098273910937266], [34.781529690326394, 32.09827302814405], [34.78109842887454, 32.098309110977624], [34.780765359710756, 32.09829966501864], [34.78050585409415, 32.09826960609998], [34.78037357283843, 32.098273329608034], [34.780094306238496, 32.09828073597444], [34.78000111455509, 32.09830543928564], [34.77985423619635, 32.09828827310059], [34.77978943580763, 32.09825575397531], [34.77971448323035, 32.09826746037119], [34.779377674868954, 32.09821452319097], [34.779218655439614, 32.09818609733141], [34.77888641920597, 32.09815708952205], [34.77839552348634, 32.098019955437096], [34.7781317485097, 32.09792181961834], [34.7780050249819, 32.097851243287394], [34.77795643958916, 32.09781525183007], [34.77786478929813, 32.097699733956134], [34.77782905711996, 32.09765469664156], [34.777758051006934, 32.09756520066733]]"
143,3.0,"כ""ה ו- 4881 חיבור בין אונטרמן למחל",דו סטרי,2019.0,145.3,,,20/08/2025 01:08:49,145.2952378975371,"[[34.80450941171496, 32.04908484606381], [34.80452115133466, 32.04896200479721], [34.80447096972504, 32.04890577482724], [34.80446688666766, 32.048878323094726], [34.804420331717, 32.0486324187199], [34.80441906583241, 32.04860139665674], [34.80451645163517, 32.04843229845849], [34.80493831602698, 32.048375170573756], [34.80496095553757, 32.04832275033982], [34.80496116280109, 32.04827503081305], [34.80495435165657, 32.04823086838942], [34.804948862516675, 32.0482046053109], [34.80499259968561, 32.048131970216936]]"
144,3.0,הרב אשי + חיבור לקקל,דו סטרי,2017.0,213.78,,,20/08/2025 01:08:49,213.78391797822812,"[[34.795809333060454, 32.121268547725634], [34.79673052250552, 32.121134471256035], [34.79680215930764, 32.12153826295208], [34.79694356460827, 32.12160149562763], [34.79728614404371, 32.12211237411942]]"
145,2.5, יוניצ'מן מנמיר עד 2040,,2014.0,391.64,,,20/08/2025 01:08:49,391.63840733231655,"[[34.79713626087853, 32.14265555268619], [34.79870871899737, 32.142007453466334], [34.798828306774254, 32.141978635275045], [34.79919418931108, 32.14183960562287], [34.799239873557724, 32.14181062799065], [34.80007270825195, 32.14150649662331], [34.800246839824, 32.1414601241167], [34.80036577847117, 32.14142441459944], [34.800531648191054, 32.14133109573593], [34.800688906123014, 32.1412630170505], [34.80082490820486, 32.14120570077277], [34.80089715924438, 32.14117705612651]]"
146,3.0,רחוב 2379,דו סטרי,2015.0,384.29,,,20/08/2025 01:08:49,384.2854800330786,"[[34.798048886547505, 32.14472907075172], [34.79816721783988, 32.144733481541394], [34.79823829242079, 32.14471759484366], [34.79833787230879, 32.14468166283288], [34.79838524339772, 32.14467376191027], [34.7984563641742, 32.14464982235113], [34.79852748491391, 32.14462588275164], [34.79860812404867, 32.14458989880702], [34.79871712234824, 32.14456204957748], [34.79879772570422, 32.14453411828321], [34.79885932783741, 32.14452223183252], [34.79896825467406, 32.14451049694836], [34.799062989369205, 32.144498716522264], [34.799181391694475, 32.14448701179822], [34.79929027562141, 32.14448736033863], [34.79938495683769, 32.144487663339625], [34.79945123263004, 32.14448787539482], [34.799512841864896, 32.14447195769558], [34.7995744510388, 32.144456048983784], [34.7996692389834, 32.144432184433526], [34.79981147946836, 32.14438430382154], [34.799882606813526, 32.144356341542974], [34.79997734123919, 32.14434456042996], [34.80013782390716, 32.14431560024866], [34.80049871914476, 32.14425047252782], [34.80079780078345, 32.14422501885332], [34.80118063464068, 32.144146829230756], [34.80199757521214, 32.14397997483207]]"
147,2.29,ברלין אליהו מפייגלין עמיחי,חד סטרי,2000.0,132.44,,,20/08/2025 01:08:49,132.44262325805568,"[[34.792664882114146, 32.12386519154283], [34.792864902280016, 32.12495476113826], [34.79288785649064, 32.12504420229313]]"
148,3.0,רוטלוי דוד מיקותיאל יוסף עד רוקח ,,2012.0,490.69,,,20/08/2025 01:08:49,490.6935368903856,"[[34.7770797240144, 32.097872724098174], [34.777066768263516, 32.09812497355751], [34.7770189598547, 32.09817789220299], [34.77692950736024, 32.09822755824403], [34.77710528040151, 32.09885307891814], [34.777289534528485, 32.09925746528064], [34.77738015828492, 32.099379755192295], [34.7774751504228, 32.09966984575687], [34.77758225622422, 32.10011851975448], [34.77756235032993, 32.10025512710132], [34.777323868424624, 32.10043475223725], [34.77683826608743, 32.1012695999653], [34.7765486179142, 32.10139983149402], [34.776419374925894, 32.101568885173556], [34.776284785545734, 32.101705249010166], [34.77625803578196, 32.10173235639972]]"
149,2.4,בריכת גורדון,,2000.0,188.32,,,20/08/2025 01:08:49,188.3183794100532,"[[34.769294826060964, 32.08650487017312], [34.76867549501054, 32.08489058397916]]"
150,2.0,"שד בן ציון מהמלך ג'ורג' עד תרס""ט",דו סטרי,2000.0,329.85,,,20/08/2025 01:08:49,329.8505383990903,"[[34.77848515429071, 32.072393467528364], [34.77838846770701, 32.07241940531625], [34.77709709015901, 32.0731032210924], [34.776739297970984, 32.07327359736069], [34.77607593079078, 32.07362180978259], [34.77549485560059, 32.07392591123815]]"
151,2.0,שד' מלכי ישראל,דו סטרי,2012.0,229.5,,,20/08/2025 01:08:49,229.49944952441072,"[[34.77995217532639, 32.081414321286076], [34.7799522314039, 32.08141135459453], [34.77998720512958, 32.07963732270574], [34.77998799255656, 32.07959756554087], [34.779983320100115, 32.07940305240083], [34.77998397262832, 32.07934503990144]]"
152,2.0,"מח""ל ממשה דיין עד אלנקווה מסלול צפוני",,2019.0,204.9,,1569456000000.0,20/08/2025 01:08:49,204.90362383297136,"[[34.801505863930984, 32.04970834707683], [34.800422577715835, 32.04989976719729], [34.7998099265115, 32.04999988735249], [34.79971774060962, 32.05002179885412], [34.79972562746477, 32.05005604705483], [34.799426458440394, 32.050095254861574]]"
153,2.5,שד' ההשכלה מתובל עד החניון,דו סטרי,2000.0,141.16,,,20/08/2025 01:08:49,141.160307970127,"[[34.796614171099435, 32.06970525647663], [34.79659154387966, 32.06962877052935], [34.79645740984262, 32.06925294186686], [34.79640715248924, 32.06904664901238], [34.796349227704084, 32.068795079640296], [34.79630346856358, 32.0684631187846]]"
154,2.0,"קק""ל מרקנאטי עד הגינה גדה צפונית",חד סטרי,2018.0,54.77,,,20/08/2025 01:08:49,54.76856683162833,"[[34.80205060445639, 32.12164907876305], [34.80198137510728, 32.12163023695552], [34.801477726463354, 32.121684509738884]]"
155,2.0,חנה רובינא,,2014.0,268.35,,,20/08/2025 01:08:49,268.3499580720908,"[[34.82008233700031, 32.121012662054206], [34.820010749469986, 32.121035111082534], [34.819948844094874, 32.1210886081102], [34.81987144984664, 32.121158759099146], [34.81983322046858, 32.12124931010076], [34.819781574866354, 32.12125519608745], [34.81975018836285, 32.121326602245965], [34.819706806585764, 32.12130857546652], [34.81963802253821, 32.121331032798786], [34.81954799069186, 32.12140591742065], [34.8193608629919, 32.12156878773756], [34.81921560947111, 32.12167682237128], [34.819045887601845, 32.12183238660667], [34.81881575167777, 32.1220414137332], [34.81872652111556, 32.12213381823608], [34.81864314656422, 32.12219940344789], [34.81857410824605, 32.122260162659266], [34.81847063288064, 32.122333008983304], [34.818258164894516, 32.12242991611718], [34.81817212348602, 32.122446724450036], [34.81814746491894, 32.122391164321115], [34.818127682595836, 32.122295187616636], [34.8181386563175, 32.12228591559283]]"
156,2.5,רחוב  1116 מיד לבנים עד לה גארדיה (גיבורי ישראל,דו סטרי,2013.0,181.54,,,20/08/2025 01:08:49,181.5356462914037,"[[34.79745234346532, 32.059200934480735], [34.79746209040382, 32.05993423009396], [34.79745259524749, 32.06006570327738], [34.79739930561223, 32.060120321387934], [34.79741016151448, 32.06071188238283], [34.7973498719063, 32.06071147596052], [34.79734948901786, 32.060769483329544]]"
157,2.6,חנה זמר,,2016.0,406.65,,,20/08/2025 01:08:49,406.6492683227002,"[[34.80110876529447, 32.095950089977535], [34.80114573460432, 32.09636610416733], [34.801332117660934, 32.0986949108903], [34.80135132670208, 32.098861331627155], [34.80130227324596, 32.09892559639655], [34.80125044987656, 32.09898058918831], [34.80123000880582, 32.09903969569461], [34.8012387343627, 32.09909507867442], [34.801269868125495, 32.09915435022846], [34.8013122636579, 32.09920220403335], [34.80135468331677, 32.099244332463954], [34.8013789811686, 32.099328396673144], [34.80138978193187, 32.09942196153187], [34.801429750563116, 32.09951180102317], [34.80144790779748, 32.09953371626365]]"
158,3.0,טיילת יפו,דו סטרי,2000.0,347.28,,,20/08/2025 01:08:49,347.27876909732623,"[[34.75818760248383, 32.05792491846065], [34.75810942479362, 32.0578692887053], [34.75804017475785, 32.05782132488741], [34.75793745312775, 32.05774270224671], [34.757854987081, 32.057646972697974], [34.75781033702637, 32.057610548137156], [34.75773011185438, 32.05751482549976], [34.75765212030288, 32.057421020672976], [34.75753637831309, 32.05725454729962], [34.75742736996407, 32.05708618937653], [34.7573560937429, 32.05699431623037], [34.75733376379674, 32.056977058390274], [34.757304607812955, 32.05698077283073], [34.75696983399492, 32.05714756518132], [34.756938483782896, 32.057141728156026], [34.75681788015606, 32.057053497847825], [34.75674196323445, 32.05699405795874], [34.75665935966671, 32.056926958053914], [34.75658790768433, 32.05687135111766], [34.756534404505025, 32.056811989383206], [34.75640272467957, 32.0566969968226], [34.75638047870248, 32.056662560025565], [34.75633816439712, 32.056607055027406], [34.75628237335506, 32.05655722963702], [34.75563922519481, 32.05607393903994]]"
159,2.5,הרב גורן מהרב ניסים עד איילון מסלול צפוני,חד סטרי,2020.0,159.82,מדרכה,,20/08/2025 01:08:49,159.82147868580233,"[[34.7985404549586, 32.090800388029585], [34.79860447012996, 32.090774824540624]]"
160,2.7,דוד אבידן,דו סטרי,2020.0,128.29,כביש,1580256000000.0,20/08/2025 01:08:49,128.29426527561918,"[[34.83171098749641, 32.12706491639215], [34.83035209992446, 32.12710105558258]]"
161,3.0,יגאל אלון  1333 עד השלום,דו סטרי,2020.0,355.92,כביש,1580256000000.0,20/08/2025 01:08:49,355.9209441017539,"[[34.79353718912646, 32.06920742139938], [34.79360560837696, 32.06919619046615]]"
162,2.0,שד' בן גוריון מאבן גבירול עד הדסה,דו סטרי,2012.0,122.89,,,20/08/2025 01:08:49,122.88616132581582,"[[34.781129572944586, 32.08160216134744], [34.780042367670234, 32.0816476361363], [34.77992487237565, 32.0816314071939], [34.779850776438735, 32.081680712142344]]"
163,2.5,שדרות ירושלים מארליך עד נחל הבשור,,2021.0,280.52,כביש,1622505600000.0,20/08/2025 01:08:49,280.5213078404292,"[[34.75601547312315, 32.039205031547475], [34.75604018535809, 32.03932645771948], [34.75626725025241, 32.039890530358996], [34.756306767764734, 32.039992008858825], [34.756462055061135, 32.0404288488541], [34.75665778459706, 32.04096209499967], [34.7568181290022, 32.041398820707194], [34.75688115753732, 32.04157131151077], [34.75688913609641, 32.041620717263314]]"
164,2.0,הרב גורן (דרומי) מספיר פנחס עד נמיר,,2020.0,258.19,מדרכה,1595635200000.0,20/08/2025 01:08:49,258.19074041713407,"[[34.79816194405832, 32.09054786044168], [34.79815681155754, 32.09054455697125], [34.798122970143716, 32.09058264181999], [34.79810522429922, 32.090602627117875], [34.798086641605444, 32.09062189371063], [34.79805880925639, 32.09064113063332], [34.79803350221091, 32.09065966053324], [34.79800907530746, 32.09066960283177], [34.79797200383952, 32.09068666294335], [34.79790799383423, 32.09071079499365], [34.79781790112804, 32.090739137613944], [34.7977227503196, 32.09077032710544], [34.79761582551717, 32.0908021947386], [34.79754933124705, 32.09081772911216], [34.79748539824099, 32.090824681258276], [34.79740804722319, 32.09082371676767], [34.797368554972465, 32.09081786354497], [34.79731815102004, 32.09080768094038], [34.79728120844321, 32.09079539351989], [34.7972661030297, 32.09078890261327], [34.79725769443919, 32.090788875590384], [34.79724590463638, 32.0907931329098], [34.7972120787474, 32.09083668779868], [34.79718840600659, 32.09086595855011], [34.79717154859752, 32.09087520989977], [34.79715303126515, 32.09087944558501], [34.797116848259144, 32.09088577072788], [34.797077302016206, 32.09089208594879], [34.79705290564518, 32.090894870679925], [34.7970150944721, 32.09088902275237], [34.796987411101874, 32.09087461786685], [34.79694964758848, 32.09085803340219], [34.796940414863755, 32.09085442451677], [34.796924385796856, 32.09086654166997], [34.796907499772715, 32.090882234353714], [34.79688387457426, 32.09090076943145], [34.79686701077616, 32.09091145185507], [34.79684341098095, 32.0909242606622], [34.796824874561, 32.09093279054546], [34.79679875577562, 32.090944875221574], [34.796764256980886, 32.09095049056546], [34.79671881470557, 32.09095893385632], [34.79630574196611, 32.091010572141464], [34.79608201010873, 32.091027030273146], [34.79602230026056, 32.091029700983384], [34.79596091781501, 32.09103021911937], [34.79589955766528, 32.09102572606997], [34.79585754963809, 32.09101843312915], [34.795820579567234, 32.09101258755769], [34.795781137253464, 32.09099528131302], [34.795736689929655, 32.090969369394855], [34.795714057428505, 32.090953548488045]]"
165,2.3,מארק שאגאל מאמיר גלבוע עד 2040,דו סטרי,2020.0,84.46,מדרכה,1602892800000.0,20/08/2025 01:08:49,84.45659381729656,"[[34.787156399035446, 32.118030867530216], [34.787084282672694, 32.11814129659913], [34.78704615830474, 32.11815142601869], [34.78698500808035, 32.11816770543144], [34.78690223590348, 32.11818898424959], [34.78635079004804, 32.11824928598794]]"
166,2.5,רפידים מבני אפריים עד מגדל שורשן,,2020.0,1146.01,כביש,1585612800000.0,20/08/2025 01:08:49,1146.0062341049224,"[[34.81471081498183, 32.107956097319324], [34.81485452442489, 32.108060597285764], [34.81487134712599, 32.108072830338564]]"
167,2.0,"מח""ל מאל נקוה עד משה דיין צד דרומי",,2019.0,206.99,כביש,1569456000000.0,20/08/2025 01:08:49,206.99459640112667,"[[34.801476038339466, 32.049538358161776], [34.801437334160404, 32.049548255864416], [34.801407258012325, 32.04955677508742], [34.80080766994422, 32.04966310716719], [34.800234656145534, 32.0497600045083], [34.7998978031673, 32.04982434889282], [34.79981957630392, 32.049828857126876], [34.799767961756025, 32.049815608289755], [34.799745530631846, 32.04980427420677], [34.79974108814407, 32.049802029893776]]"
168,3.0,יגאל אלון בגדה מזרחית מתובל עד 1334,,2018.0,224.95,,,20/08/2025 01:08:49,224.95476214525303,"[[34.793402362570994, 32.068327073019766], [34.793388801983134, 32.06835184358652], [34.7933808457445, 32.06837663232749], [34.793398496477664, 32.06843967957168], [34.793535539269854, 32.06887341937507], [34.79358538676994, 32.06900528732554], [34.79360875735385, 32.069042584441874], [34.79364445615331, 32.069079921511296], [34.793689169791776, 32.06910679005424], [34.7936541637594, 32.06916489432938], [34.79364846655668, 32.06918587313069], [34.793663969500734, 32.069227916104445], [34.793710426796814, 32.06941630348803], [34.793847980547795, 32.06987001378188], [34.793883205704965, 32.069986199906715], [34.79396365999742, 32.07025156762747]]"
169,2.6,הרב ניסים מירושלמי עד הרב גורן,דו סטרי,2017.0,303.65,,,20/08/2025 01:08:49,303.64983952784,"[[34.80014112904251, 32.09350977885027], [34.80029563413165, 32.09346965714955], [34.800455022813864, 32.09366205029214], [34.800524008178485, 32.09380084414387], [34.80071419969931, 32.094210645812616], [34.800771386684644, 32.094369012167604], [34.80088815427669, 32.09480769555392], [34.80097550888594, 32.09514107735845], [34.80110876529447, 32.095950089977535]]"
170,2.2,אופנהיימר רב אשי עד טאגור,דו סטרי,2020.0,240.07,ביניים,1585612800000.0,20/08/2025 01:08:49,240.0696732980708,"[[34.799871882568674, 32.11852504257979], [34.800081191763084, 32.11960651208507], [34.8002896910501, 32.120660530946076]]"
171,2.5,טאגור מאופנהיימר עד חיים לבנון ,דו סטרי,2020.0,144.52,,1585612800000.0,20/08/2025 01:08:49,144.51727500950784,"[[34.799873954675896, 32.1185340462862], [34.79999455766638, 32.11853204448729], [34.800061843724784, 32.118537032493286], [34.800087209749776, 32.11850847286567], [34.80012375170006, 32.11848949518644], [34.80016027259355, 32.11847529146752], [34.801361356864916, 32.11830250044078]]"
172,3.0,נמיר,,2014.0,161.32,,,20/08/2025 01:08:49,161.31590484229977,"[[34.79449859943031, 32.08142808173306], [34.794336978863186, 32.08066269481108], [34.79429897294699, 32.0804571057488], [34.79424082239033, 32.08023024231228], [34.7941685528837, 32.0800271935402], [34.79415833809817, 32.08000421537583]]"
173,2.4,מקס ברוד,דו סטרי,2020.0,225.19,כביש,1590883200000.0,20/08/2025 01:08:49,225.18609301585772,"[[34.82938723351802, 32.12671041937249], [34.82929317270337, 32.12663672387674], [34.82910765243702, 32.12651228264796], [34.82904582255504, 32.12646850897394], [34.828959727752824, 32.12642466241794], [34.828895144695096, 32.12639464532265], [34.82880359250305, 32.12636684232911], [34.82872551138273, 32.126341373376654], [34.828623118337255, 32.12632730380428], [34.8285126084342, 32.12632009336194], [34.82744482929204, 32.12635362680798], [34.82714275099187, 32.126382552657105]]"
174,2.4,וינגייט מיגאל אלון עד סוף החניון,דו סטרי,2013.0,210.42,,,20/08/2025 01:08:49,210.4183311894492,"[[34.79175895641003, 32.060127974363134], [34.79110836653384, 32.06014724067626], [34.79107845074844, 32.06013606913999], [34.790709384091066, 32.06014880230591], [34.78982278420726, 32.06017358331036], [34.78953473701004, 32.06017836722031]]"
175,2.5,וינגייט מהחניון עד נתיבי איילון,דו סטרי,2020.0,191.04,,1585612800000.0,20/08/2025 01:08:49,191.04075782597505,"[[34.78932350208938, 32.060173857484706], [34.78862968770373, 32.06019353493789], [34.788483109862234, 32.06014151672569], [34.78826013746624, 32.06013028623951], [34.78796229913303, 32.060070136177], [34.78777408126148, 32.060056155830885], [34.787584644629106, 32.06006412258127], [34.78747591452161, 32.06006853726047], [34.78743889250727, 32.06007700503381], [34.78734115789932, 32.06012822081618]]"
176,2.5,חיבור וינגייט ללה גארדיה,דו סטרי,2020.0,62.53,,1585612800000.0,20/08/2025 01:08:49,62.52999010805236,"[[34.787305887215226, 32.060071603980305], [34.78725894780275, 32.06004281766551], [34.787239965935484, 32.06002748517746], [34.78723221996225, 32.06000550830101], [34.78722367955302, 32.059911949191346], [34.787170262983615, 32.05982874101515], [34.78716425356772, 32.05967124607006], [34.78724876034994, 32.05957131184109]]"
177,2.4,גשר יהודית,דו סטרי,2020.0,250.84,,1580428800000.0,20/08/2025 01:08:49,250.8438519353096,"[[34.79349216057353, 32.06977058088109], [34.793203053121545, 32.06980443780987], [34.79313881911713, 32.06980920004192], [34.793077548323154, 32.069804030532914], [34.792963808475854, 32.06978377867543], [34.79283258872669, 32.069756013956265], [34.79278008525933, 32.06974838834589], [34.792669524150924, 32.06975688747745], [34.79197662257341, 32.06985568266548]]"
178,1.9,יד המעביר מקהילת טשרנוביל עד קהילת יאסי ,דו סטרי,2020.0,149.8,כביש,1585612800000.0,20/08/2025 01:08:49,149.80180597989155,"[[34.824798650301645, 32.10864321176082], [34.824721303090776, 32.10999248893855]]"
179,2.5,הדר יוסף שלום אש עד בני אפריים,,2020.0,381.41,רחוב,1585612800000.0,20/08/2025 01:08:49,381.41199244178654,"[[34.81938169138621, 32.1084091744067], [34.81938163338614, 32.10842299589139], [34.819384944895624, 32.108440283260045], [34.81939899663208, 32.10847776088132], [34.81941304460733, 32.108516390069056]]"
180,2.5,גינת הדר יוסף,דו סטרי,2020.0,189.63,מדרכה,,20/08/2025 01:08:49,189.6304224266694,"[[34.818455737807064, 32.109815592678274], [34.818531820999986, 32.10988608618029]]"
181,2.0,היינריך היינה מבן צבי עד נס לגויים מסלול מערבי,חד סטרי,2019.0,432.78,מדרכה,,20/08/2025 01:08:49,432.7788086647977,"[[34.76223749953661, 32.0441619728766], [34.762321986774715, 32.04441852323911]]"
182,2.5,היינריך היינה מבן צבי עד גרוסמן יאיר מסלול מזרחי,חד סטרי,2019.0,535.63,מדרכה,,20/08/2025 01:08:49,535.6295995585698,"[[34.76266058837786, 32.04390948156464], [34.76264057067476, 32.043877916752606], [34.76262728971994, 32.04384351222292], [34.76254030027417, 32.04340800361564], [34.76246644901467, 32.0430369629047], [34.762335499310495, 32.04230639156216], [34.762287996464345, 32.042048538958234]]"
183,2.0,צומת היינריך היינה בן צבי,חד סטרי,2019.0,52.24,כביש,,20/08/2025 01:08:49,52.23518311265246,"[[34.76362723496456, 32.04861118591223], [34.7634999962646, 32.04865676907037]]"
184,2.0,שלבים מקיבוץ גלויות עד בן צבי,חד סטרי,2019.0,369.71,מדרכה,,20/08/2025 01:08:49,369.71198711416537,"[[34.76329998897886, 32.048774220555], [34.76337683440502, 32.04889785468838]]"
185,2.0,שלבים מקבוץ גלויות עד בן צבי מסלול מזרחי,חד סטרי,2019.0,256.06,מדרכה,,20/08/2025 01:08:49,256.0647036556952,"[[34.76386099504296, 32.048890522835954], [34.763916040901734, 32.048913014489735], [34.76392253523603, 32.04895289440439], [34.76391649743537, 32.048994766118064], [34.763919804260325, 32.04900623035077], [34.76421493577013, 32.04950401860951]]"
186,2.0,צומת שלבים התחיה,חד סטרי,2019.0,67.73,כביש,,20/08/2025 01:08:49,67.7306966192404,"[[34.76424210122544, 32.04957937818877], [34.763917772654814, 32.049714429327466]]"
187,2.0,צומת שלבים שארית ישראל,חד סטרי,2019.0,30.08,כביש,,20/08/2025 01:08:49,30.081161998968216,"[[34.76523256096356, 32.05146320539561], [34.76493901139541, 32.05156847315099]]"
188,2.5,סלומון,דו סטרי,2020.0,228.83,כביש,1590364800000.0,20/08/2025 01:08:49,228.82819566016715,"[[34.780124211276465, 32.06170261794267], [34.77950019200298, 32.060894067720035], [34.77933031741393, 32.06068100036356], [34.7787985457718, 32.05997536162109]]"
189,3.0,היינריך היינה מנס לגויים עד מסלול מערבי,דו סטרי,2019.0,543.29,כביש,,20/08/2025 01:08:49,543.2932843453636,"[[34.76112700104945, 32.03880726174122], [34.76130628629996, 32.03909540043606], [34.761382616235295, 32.03924121368125], [34.76150041112473, 32.03950169840739], [34.76154498547248, 32.03962998251011], [34.76166394739986, 32.04005558204307], [34.76175799686708, 32.040419536356], [34.76180224626752, 32.04065447234153], [34.76184589564733, 32.04101395628672], [34.76198208914264, 32.04205090773573], [34.76212971393813, 32.043158047322315], [34.762196559850516, 32.0435877595866]]"
190,2.0,צומת נס לגויים היינריך היינה,,2019.0,97.33,כביש,,20/08/2025 01:08:49,97.334374680291,"[[34.76270388907367, 32.04399266577126], [34.76266503988373, 32.04403261505312]]"
191,3.5,היינריך היינה מגרוסמן מאיר עד יגאל ידין  שביל 2.1,,2019.0,296.05,מדרכה,,20/08/2025 01:08:49,296.0506751649971,"[[34.762287996464345, 32.042048538958234], [34.76213246858121, 32.04083734198942], [34.762040716927224, 32.04034455246413], [34.76176698249424, 32.03942116497537]]"
192,2.5,לוין קיפניס מוילנסקי ארגוב,,2020.0,244.36,כביש,1593475200000.0,20/08/2025 01:08:49,244.3560111162152,"[[34.8318404499508, 32.125779270751444], [34.831843098851394, 32.12578614021457], [34.83169567631242, 32.1263439372012], [34.83169224775975, 32.126359674046306], [34.83171705288425, 32.12729313946481], [34.831748243143736, 32.127897359144356], [34.831801767678364, 32.12795061455508]]"
193,2.5,קרמינצקי מההשכלה עד יגאל אלון,דו סטרי,2020.0,287.81,כביש,1590796800000.0,20/08/2025 01:08:49,287.811932537251,"[[34.79306782096959, 32.06704652128914], [34.793411922433, 32.066987061689865], [34.79364623982018, 32.06695248468783], [34.79377674898714, 32.066932715620524], [34.794616036732236, 32.066831947181875], [34.79501635212643, 32.066795381046155], [34.79552930097423, 32.066759176158364], [34.79609013947666, 32.066734635736005]]"
194,3.5,גרוסמן מגרינבויים עד הנריך היינה שביל 1.1,,2020.0,331.74,כביש,1602720000000.0,20/08/2025 01:08:49,331.7364344120625,"[[34.76562322416785, 32.04146328376026], [34.76557608253547, 32.041480299750084], [34.76555756801125, 32.041485962049435], [34.76554750428208, 32.04148163198222], [34.76553916170177, 32.04146871920499], [34.76552079743794, 32.04144288693505], [34.76549399499466, 32.041424182975746], [34.76545877486172, 32.041408313059414], [34.76542353424434, 32.04139673829748], [34.7654016788177, 32.04139809467407], [34.765357966908255, 32.04140080651049], [34.765294045573754, 32.04141203791269], [34.76428965712166, 32.041619000405056], [34.762438197260146, 32.042031961032144], [34.76241197602583, 32.042031869628715], [34.76234951321221, 32.04201790766314], [34.762288841794856, 32.041954602263914]]"
195,2.5,דניאל הירקון עד הכרמל,דו סטרי,2020.0,288.19,כביש,1592265600000.0,20/08/2025 01:08:49,288.19339375294857,"[[34.76434805482271, 32.06849683031069], [34.76462897828955, 32.068423018343545], [34.7648711142522, 32.06832680248153], [34.76509803451048, 32.068207995922], [34.765284030884445, 32.068092530770734], [34.7655601151646, 32.06795763807432], [34.76616971563985, 32.067653216983416], [34.766713679689225, 32.06738688235001], [34.76700813280713, 32.06723908037607]]"
196,2.5,הארבעה קרליבך עד 1098,דו סטרי,2020.0,108.61,כביש,,20/08/2025 01:08:49,108.6122826025212,"[[34.7827475042905, 32.070362780242114], [34.78313814015106, 32.070426348762204], [34.78376014477963, 32.070412202466315], [34.783844465194406, 32.07044136390176], [34.783853031721016, 32.07047404159309]]"
197,2.5,הלל הזקן מנגארה עד הארי,דו סטרי,2017.0,98.08,כביש,,20/08/2025 01:08:49,98.08089272294488,"[[34.76975439470898, 32.07023278766694], [34.76911274305296, 32.07092833214179]]"
198,2.5,וילנסקי משה,דו סטרי,2020.0,304.83,כביש,1596067200000.0,20/08/2025 01:08:49,304.8264809005718,"[[34.831801767678364, 32.12795061455508], [34.832208891256926, 32.1279503799959], [34.83271391908998, 32.12786883194545], [34.832971694160776, 32.12777510411729], [34.833013843850146, 32.12775232247416], [34.833278870289895, 32.127680250865254], [34.83464400136192, 32.12727114176426], [34.83488677239694, 32.127209505745256]]"
199,2.5,מנחם בגין 148-15156,דו סטרי,2020.0,190.71,כביש,1595894400000.0,20/08/2025 01:08:49,190.71457215132972,"[[34.79416379409042, 32.07884212853885], [34.794299450557105, 32.07896282110501], [34.794401626400244, 32.07905047911028], [34.79451220251398, 32.07913959534407], [34.79464793651049, 32.079243108723546], [34.794805483824, 32.07935671404175], [34.79498990209694, 32.07947756348005], [34.79505358599452, 32.07952501210352], [34.7957260594594, 32.079925165301184]]"
200,2.5,שלונסקי בני אפריים עד פנחס רוזן,דו סטרי,2020.0,723.74,כביש,1595462400000.0,20/08/2025 01:08:49,723.7426898842086,"[[34.825263183960416, 32.11579476448214], [34.82498145022514, 32.115790341491994], [34.82477113094967, 32.115804026992215], [34.824573457625114, 32.11581059170947], [34.82394224695772, 32.11591248685193], [34.823786580221224, 32.11592991408161], [34.82358450794428, 32.11598299068952], [34.82354230682627, 32.11601865378885], [34.821903585501076, 32.11670803343772], [34.82155383352956, 32.1168787663856], [34.820079448300405, 32.11748272401045], [34.81983885624445, 32.11760014621854], [34.819792686898076, 32.11761734189275], [34.819727470322185, 32.11760894207354], [34.81932159199475, 32.117782393913046], [34.81926528036934, 32.11785977696822], [34.81912854629557, 32.11792223970795], [34.81862863752378, 32.118111521665135], [34.818586960979005, 32.11811902288117], [34.818542076914824, 32.11811797441776], [34.818456265448894, 32.11810629542538]]"
201,2.5,בירנית מבר לב עד לבני איתן,דו סטרי,2020.0,283.81,כביש,1593475200000.0,20/08/2025 01:08:49,283.8559560327205,"[[34.80448223851344, 32.04419441425754], [34.80449808779737, 32.04415724272011], [34.80449597920863, 32.0441266959287], [34.804487114390106, 32.04410376241109], [34.80448156235851, 32.04409229212047], [34.80447968233044, 32.043830683987856], [34.80450880649846, 32.043771293542896], [34.804504635821395, 32.04368197215927]]"
202,2.5,ככר דיזנגוף,חד סטרי,2018.0,257.62,כביש,,20/08/2025 01:08:49,257.65759460130454,"[[34.77420507629281, 32.07833282404515], [34.7742554460786, 32.078329615586796], [34.77430490983246, 32.07831957832725], [34.77435254613825, 32.07830289924167], [34.77439746762173, 32.07827988902985], [34.774438837480645, 32.07825097632851], [34.77447588507281, 32.078216699726575], [34.77450792027167, 32.07817769773227], [34.774534346322085, 32.07813469687897], [34.77455467095674, 32.0780884981912], [34.774568515566145, 32.078039962263105], [34.77457562225142, 32.0779899932272], [34.77457585862847, 32.077939521912064], [34.774569220294026, 32.07788948850281], [34.774555830907715, 32.07784082502719], [34.77453593988846, 32.077794437993674], [34.77450991776831, 32.07775119150493], [34.77447824929014, 32.07771189116122], [34.77444152437777, 32.07767726905359], [34.77440042714684, 32.077647970126385], [34.774355723160994, 32.0776245401632], [34.77430824517091, 32.0776074156199], [34.77425887760171, 32.07759691549435], [34.7742085400778, 32.077593235384], [34.77415817029201, 32.07759644384235], [34.77410870653815, 32.077606481101895], [34.77406107023236, 32.07762316018748], [34.77401614874888, 32.0776461703993], [34.773974778889965, 32.07767508310064], [34.7739377312978, 32.077709359702574], [34.77390569609894, 32.07774836169688], [34.773879270048525, 32.07779136255018], [34.77385894541387, 32.07783756123795], [34.773845100804465, 32.077886097166044], [34.77383799411919, 32.07793606620195], [34.77383775774214, 32.077986537517084], [34.77384439607658, 32.078036570926336], [34.773857785462894, 32.07808523440196], [34.77387767648215, 32.078131621435475], [34.7739036986023, 32.07817486792422], [34.77393536708047, 32.07821416826793], [34.77397209199284, 32.07824879037556], [34.77401318922377, 32.07827808930276], [34.774057893209616, 32.07830151926595], [34.7741053711997, 32.07831864380925], [34.7741547387689, 32.0783291439348], [34.77420507629281, 32.07833282404515]]"
203,2.5,חיבור בין נמיר לגילוץ,דו סטרי,2020.0,64.03,מדרכב,1593475200000.0,20/08/2025 01:08:49,64.03329820024793,"[[34.79521913325481, 32.090459411364684], [34.794541553242986, 32.09043288366975]]"
204,3.5,הוברמן מדיזנגוף עד ככר התרבות,דו סטרי,2020.0,145.93,מדרכה,1595980800000.0,20/08/2025 01:08:49,145.9320155325396,"[[34.780201680431674, 32.07261181616909], [34.78058034644437, 32.073887694984336]]"
205,,מעבר חציה ויצמן דוד המלך,,2000.0,19.86,,,20/08/2025 01:08:49,19.86087338513378,"[[34.7884993372513, 32.07963683129493], [34.78870824844196, 32.07961585678728]]"
206,2.5,אמיר גלבוע ממארק שאגאח עד שטרייכמן,דו סטרי,2020.0,318.85,כביש,1597104000000.0,20/08/2025 01:08:49,318.85272204218575,"[[34.78819871363513, 32.116070720568054], [34.78892065877012, 32.11522579255464]]"
207,,מעבר חציה אבן גבירול יהודה המכבי,,2000.0,23.17,,,20/08/2025 01:08:49,23.172206497448624,"[[34.78331259538376, 32.093975577616035], [34.7835560614374, 32.09394893631801]]"
208,2.5,1284,,2000.0,90.69,כביש,,20/08/2025 01:08:49,90.69122686712323,"[[34.78324100448817, 32.09677683196262], [34.78319708492563, 32.09701792785568], [34.78317252147086, 32.09723974209667], [34.78318857039164, 32.09759053479879]]"
209,2.5,1284 מרוקח עד בני דן,דו סטרי,2000.0,126.06,,,20/08/2025 01:08:49,126.06284953496784,"[[34.78270273815728, 32.098462901188164], [34.783132314302684, 32.09848866792216], [34.78316765023935, 32.0984844902327], [34.78320646240828, 32.098455987625904], [34.783249612788744, 32.09839815174574], [34.78326322441856, 32.098363838999006], [34.78326932045641, 32.09831804859719], [34.783254382316976, 32.09827505143064], [34.7831901702306, 32.098158164103786], [34.78313767847235, 32.09805276748693], [34.783113578766375, 32.097990413682915], [34.78310037452872, 32.09793596959542], [34.78308670043441, 32.09780063925024]]"
210,2.5,שביל מאחורי רחוב הברזל ,דו סטרי,2000.0,334.97,כביש,,20/08/2025 01:08:49,334.96901431264257,"[[34.84045440471672, 32.108282018193705], [34.84082460546681, 32.108593258916926], [34.84087349672901, 32.10863515466132], [34.843204626508616, 32.110186746175636]]"
211,2.5,דניאל הירקון עד הרברט סמואל,דו סטרי,2020.0,97.13,כביש,1598918400000.0,20/08/2025 01:08:49,97.1313824501531,"[[34.76434805482271, 32.06849683031069], [34.7633687226582, 32.068764799307765]]"
212,2.5,דיזנגוף אבן גבירול עד הוברמן,דו סטרי,2020.0,85.23,כביש,1598918400000.0,20/08/2025 01:08:49,85.22823460600527,"[[34.78160000051593, 32.07372797840189], [34.78154459954764, 32.073701618245124], [34.78072629244122, 32.073860000326434]]"
213,2.5,ככר הא באייר שביל זמני,דו סטרי,2020.0,403.48,כביש,1599609600000.0,20/08/2025 01:08:49,403.47907324253407,"[[34.791120834868494, 32.086499697051714], [34.791078186809806, 32.08637039499004], [34.79100897279134, 32.08623643146943], [34.790891046772934, 32.08606664416267], [34.790755466458606, 32.08594137894535], [34.79064417553649, 32.08584888538918], [34.790414370811874, 32.08571736838575], [34.790205256065846, 32.08564238580127], [34.79003785851041, 32.08560617457301], [34.78986337137363, 32.085593715541506], [34.789730706243944, 32.08559625370271], [34.78953529549354, 32.085616741960884], [34.78940236830138, 32.085639758501166], [34.78927300727384, 32.085683913650115], [34.78905266934166, 32.08577532257886], [34.78877604653552, 32.085961648936596], [34.7886547525573, 32.08608779151335], [34.78864963670723, 32.08612469207518], [34.788530020446174, 32.08632936492137], [34.78847002985837, 32.086471822545676], [34.788434218765495, 32.08667082670561], [34.78844039350935, 32.086849164481464], [34.78846974623818, 32.08699630708871]]"
214,2.5,יצחק אלחנן מהרברט סמואל עד הכובשים,דו סטרי,2020.0,107.92,כביש,1580256000000.0,20/08/2025 01:08:49,107.9241111596333,"[[34.76420687747486, 32.06632930328457], [34.764144574685126, 32.06634984514377]]"
215,2.5,אבנר מזרח מרכז הספורט,דו סטרי,2020.0,292.19,כביש,1600300800000.0,20/08/2025 01:08:49,292.18991578314046,"[[34.83299387307434, 32.12572523117159], [34.83397530063171, 32.125499695361405], [34.8338010313655, 32.12501841399582], [34.83368644416748, 32.125069307966164], [34.83360808082251, 32.12509469366198], [34.8335176928443, 32.12511620158769], [34.83342436680421, 32.12511977068052], [34.83328895837398, 32.12510912780488], [34.832983572670855, 32.125076213623444], [34.83268304156404, 32.1250333897339], [34.832550480375865, 32.12498913233601], [34.832362553448334, 32.12493991193591]]"
216,1.5,נח מוזס ממנחם בגין עד יגאל אלון שביל צפוני,חד סטרי,2020.0,195.76,כביש,1600819200000.0,20/08/2025 01:08:49,195.7625897163258,"[[34.79346431455016, 32.076062191752996], [34.795410885580026, 32.07548263783708], [34.79539967705612, 32.07548260166104]]"
217,2.5,בן יהודה מארלוזורוב עד נורדאו,,2020.0,599.89,כביש,1601769600000.0,20/08/2025 01:08:49,599.8934490305687,"[[34.77306630473887, 32.08730928175649], [34.773094453375336, 32.08740243106461], [34.77312633602261, 32.08741685544921], [34.77315817055669, 32.087441301208116]]"
218,2.5,פארק המסילה 3817,דוד סטרי,2020.0,970.47,כביש,1602288000000.0,20/08/2025 01:08:49,970.473565169144,"[[34.76940957577484, 32.06096086280481], [34.76872687442052, 32.0609134583198], [34.768503469528575, 32.06087546886944], [34.76837238771525, 32.060866428466795], [34.76802806822688, 32.06080225263871], [34.76785841797572, 32.06077303664959], [34.76771432815852, 32.060737708696145], [34.76754277972779, 32.06068748577746], [34.76740178891227, 32.0606411888653], [34.76728768722479, 32.06059641566869], [34.76704442548012, 32.06049250200614], [34.7667660378797, 32.060351244347345], [34.76655311016686, 32.06023168742889], [34.76627993835587, 32.060054657407676], [34.76614420334089, 32.0599639975072], [34.76583581380954, 32.059769665670025], [34.764902807552545, 32.05916360678604], [34.76469231576179, 32.05903597606181], [34.76450349227649, 32.0589216395205], [34.76392721647398, 32.05868170023412], [34.76379096575228, 32.058609845549476], [34.76305661173389, 32.05831912125374], [34.76240900749671, 32.05806570828061], [34.76225396753723, 32.05802815452737], [34.76215465325592, 32.05802252087414], [34.7620707978111, 32.058030159518516], [34.76197746391799, 32.058072134023014], [34.761629877693366, 32.05804976978664], [34.760341792400226, 32.05785152073806], [34.760090277006896, 32.057837386677605]]"
219,3.5,היינריך היינה מיגאל ידין עד גבול בת ים שביל 2,,2020.0,767.61,כביש,1602892800000.0,20/08/2025 01:08:49,767.6064854901956,"[[34.761555076518114, 32.03877080560771], [34.7614850822344, 32.038728282411526], [34.761404333607665, 32.038563111240535], [34.76135868041149, 32.03847235318549], [34.76133893469038, 32.03844993687988], [34.76131559984579, 32.03843656743343], [34.761291538240016, 32.03842681974567], [34.76125609405951, 32.03842488417763], [34.761119005818045, 32.03847393142355], [34.76110267364089, 32.03847870612838], [34.76108994331923, 32.03847201811886], [34.76079962647097, 32.038094114088416], [34.76065854841374, 32.03794141507015], [34.76058239204382, 32.037853570083705], [34.76034677959263, 32.037601486039726], [34.760233933420025, 32.03747606542773], [34.76018243462406, 32.03742152588956], [34.759940886557295, 32.03722438272675], [34.759915885342615, 32.03711557772125], [34.75989136402246, 32.03705448912288], [34.75986949981536, 32.03703025255813], [34.75984343737655, 32.03699452596423], [34.75982662665382, 32.03695158409758], [34.759792839952134, 32.036900126600166], [34.7597709593514, 32.036879514263944], [34.75968825017323, 32.03682370447413], [34.75962324050059, 32.0367811499366], [34.75958652732052, 32.036748405130574], [34.759542730187796, 32.036714428863554], [34.7594816566365, 32.036649359486916], [34.759444819971414, 32.03657999963482], [34.759408744022565, 32.03649936552813], [34.759388115083404, 32.03641240453975], [34.759389162525075, 32.03635934855779], [34.759374442041405, 32.036324264968506], [34.75934051956493, 32.03630119439324], [34.759319321148254, 32.03628602037715], [34.75929949644531, 32.03627991058547], [34.7592250351977, 32.03628206509387], [34.75921083996833, 32.03628503535971], [34.759049719666095, 32.03629411876347], [34.7589553626002, 32.03618327268189], [34.75895125117428, 32.036153662315726], [34.75897414480276, 32.03611146400574], [34.7590406804032, 32.03598908731308], [34.75904637128999, 32.03595244493103], [34.75906555623836, 32.035432999613775], [34.75909138368868, 32.03490705130431], [34.759118452145245, 32.03435582013561], [34.759126820519995, 32.03374090808746], [34.75916476366938, 32.03336667829382], [34.759186574319955, 32.03320068882958], [34.759232569576426, 32.03297490341283]]"
220,1.5,נח מוזס שביל דרומי,חד סטרי,2020.0,199.11,כביש,1600819200000.0,20/08/2025 01:08:49,199.10826274106847,"[[34.79548486767452, 32.07533955982616], [34.79521723616802, 32.075405980177344], [34.7950908552364, 32.07546856286675], [34.7945739761076, 32.07562579825529], [34.79431638640054, 32.075702271647515], [34.79410265808493, 32.07574595862916], [34.79356565835041, 32.075890241781295], [34.79348990793767, 32.075910038418996]]"
221,2.5,ארנס בלוך מנופי ים לים,דו סטרי,2020.0,381.22,כביש,1602892800000.0,20/08/2025 01:08:49,381.2222198430431,"[[34.78488734942269, 32.11563758571147], [34.784669143869685, 32.11568366786772], [34.7845572266352, 32.115726642842404], [34.784501085548456, 32.11578798080471], [34.78447612199659, 32.11585781141295], [34.78444433362294, 32.11603478720012], [34.78440976843885, 32.11610104104313], [34.784054244609, 32.11633980405149], [34.783905137617424, 32.11640823133555], [34.7833964632493, 32.1166260683796], [34.78235289085389, 32.11704626898557], [34.781928321353774, 32.11719446699683], [34.781781874040256, 32.11724291804054], [34.78166177725948, 32.11727747385146], [34.78153166159851, 32.11727645866448]]"
222,2.5,בנטוב מבן צבי עד גרוסמן,דו סטרי,2019.0,222.38,כביש,,20/08/2025 01:08:49,222.37860994202964,"[[34.76831372387924, 32.04180641117825], [34.768470998009256, 32.04220753975336], [34.76865064376103, 32.04260327834107], [34.76877716752023, 32.04285949197003]]"
223,2.5,יד המעביר מקהילת יאסי עד מבצע קדש,דו סטרי,2020.0,243.04,כביש,1601856000000.0,20/08/2025 01:08:49,243.0368601227424,"[[34.82471821497449, 32.11000545186026], [34.82470524708458, 32.11016888318539], [34.8246644041435, 32.110755945474544], [34.82461680799897, 32.111489456258376], [34.82461013759908, 32.11161628944147], [34.824601859421705, 32.11176011824926], [34.82460637092156, 32.11178367107064], [34.824607717747654, 32.11182944700636], [34.82459991598847, 32.111858194154905], [34.82458903075558, 32.11188954813326], [34.82458736449165, 32.1119209297593], [34.82457395101198, 32.11219159542986]]"
224,2.0,פארק דרום,,2013.0,2824.22,,,20/08/2025 01:08:49,2824.2172155180488,"[[34.798957067551285, 32.04100696274363], [34.798886834062706, 32.0410520713124], [34.7988053783115, 32.04110191443243], [34.79873238121387, 32.04113986284976], [34.79865097792471, 32.0411777753064], [34.79854158209151, 32.04121082762221], [34.79839023963351, 32.041229434065585], [34.79832017420662, 32.0412363699289], [34.79824174479343, 32.04123611871957], [34.79820532508785, 32.0412360020508], [34.79815770420571, 32.04123584948383], [34.79805976232521, 32.041214054918136], [34.79790865172767, 32.041180168120626], [34.79787512195742, 32.041160978668266]]"
225,2.5,בירנית,,2011.0,681.72,,,20/08/2025 01:08:49,681.715065630105,"[[34.80452110464037, 32.04231937320689], [34.804560367242814, 32.04133380023487]]"
226,2.5,פארק שגאל לים,דו סטרי,2020.0,425.51,מדרכה,1606176000000.0,20/08/2025 01:08:49,425.5104596541443,"[[34.786358846162756, 32.11822792862374], [34.786154240785116, 32.11831672601213], [34.78590774371783, 32.11838773314325], [34.78545441777396, 32.11839418876111], [34.785304825030266, 32.11840562522887], [34.78509647163468, 32.11847653336959], [34.784168001763334, 32.118920386790194], [34.783893015086555, 32.11905230908838], [34.78357065267953, 32.11917502666764], [34.783195202804336, 32.11930866867877]]"
227,2.5,ככר אתרים והירידה לבן גוריון,דו סטרי,2020.0,140.8,מדרכה,1605571200000.0,20/08/2025 01:08:49,140.79819831472162,"[[34.769374889718286, 32.08528840872481], [34.769493160481915, 32.08558521466072], [34.76951260402596, 32.085614921301094], [34.76954296963297, 32.085635403182906], [34.769584285734794, 32.08564110268945], [34.76962783010498, 32.085635694415814], [34.76997423815342, 32.08554425752573], [34.76998077382332, 32.08554242766692], [34.77007214465618, 32.085546446362606], [34.77046649996156, 32.08543850025829], [34.77054709651537, 32.08542025088109]]"
228,2.5,מגדל שרשן,דו סטרי,2020.0,245.58,כביש,1605657600000.0,20/08/2025 01:08:49,245.5793152088876,"[[34.81396204614462, 32.11752973663514], [34.813943352170746, 32.11755969125498], [34.813945669887346, 32.11760515731248], [34.813895159614475, 32.1176354665133], [34.81380750869612, 32.117675285874604], [34.81371544561851, 32.117697909879865], [34.81363911612834, 32.117712946067], [34.8135583409547, 32.11771842400937], [34.81347980894123, 32.117723907923256], [34.81341476032289, 32.11772370709506], [34.813311660352895, 32.11770429886449], [34.813235461056834, 32.117688791801385], [34.8128682733074, 32.117529210041276], [34.811670504733215, 32.116994799561645]]"
229,2.5,שלום אש,דו,2020.0,754.59,כביש,1611619200000.0,20/08/2025 01:08:49,754.5894571979576,"[[34.81942632416597, 32.10831924338842], [34.81959238095221, 32.1081646436885], [34.81962069622197, 32.10809791645106], [34.81968039124, 32.10790242753743], [34.819762823194395, 32.10763303599934], [34.819808118505335, 32.10752818049384], [34.8199076471314, 32.10736134218638]]"
230,2.5,בן יהודה מנורדאו עד דיזנגוף,,2021.0,446.9,כביש,1610668800000.0,20/08/2025 01:08:49,446.9006239336512,"[[34.77520212110892, 32.09425354341261], [34.77508630101507, 32.093847534370305], [34.77507389417219, 32.093803351749436], [34.775036789213054, 32.09363093364686], [34.77497337308511, 32.09342244782238], [34.77494020875569, 32.09332212452818], [34.774779491841, 32.09280175005363], [34.77475328490401, 32.092727821201485], [34.774744553262835, 32.092702173674304], [34.77471099094274, 32.0926869910101], [34.774691611604496, 32.09266733489557], [34.77464112326682, 32.092486331349626], [34.7746227611885, 32.09241027471552]]"
231,2.5,2381,דו סטרי,2020.0,34.05,כביש,1599523200000.0,20/08/2025 01:08:49,34.05394911901038,"[[34.83336813012244, 32.12601973808558], [34.83338082320463, 32.12571283709891]]"
232,2.5,סשא ארגוב בית הספר עד וילנסקי,דו סטרי,2020.0,555.7,כביש,1599523200000.0,20/08/2025 01:08:49,555.6991455337536,"[[34.83335113203812, 32.125975839961804], [34.83320511157107, 32.12598272000594], [34.832984632794314, 32.12599668953412], [34.832675315320344, 32.12603475775777], [34.83233729297028, 32.126092229313365], [34.83223417050265, 32.126108978056244], [34.83215400841883, 32.12611117902067], [34.831767539914615, 32.12611491363325]]"
233,2.5,דיזנגוף מבן יהודה עד התערוכה,דו סטרי,2021.0,137.52,כביש,1611187200000.0,20/08/2025 01:08:49,137.52149166122322,"[[34.77592848829854, 32.095987978499394], [34.7759517289578, 32.0960539216633], [34.77595956425282, 32.09605681133058], [34.775981933648325, 32.096069296446196], [34.77599759193212, 32.09607794070515], [34.77601434979066, 32.09609136092562], [34.77602206036005, 32.0961209781659], [34.77601410923778, 32.09614290612917], [34.77596811065083, 32.096388071183476], [34.775945537284116, 32.096419495979106], [34.77593531123667, 32.09644809756457], [34.77592282472059, 32.09648051056128], [34.775927194146796, 32.096505343357656], [34.77594158913273, 32.09654452950339], [34.775919570629995, 32.09669718398699], [34.775917078464666, 32.096750630647115], [34.77590115271683, 32.09679925871963], [34.77587965991387, 32.09683927755664], [34.77586781859834, 32.096911374859715]]"
234,2.5,ארלוזורוב מבן יהודה עד הירקון,דו סטרי,2021.0,184.33,כביש,1614470400000.0,20/08/2025 01:08:49,184.33249167119413,"[[34.77284014743776, 32.087462913564075], [34.772611178943976, 32.08752130589732], [34.77251918185033, 32.08753626226502], [34.77240930245253, 32.08753970491374], [34.771919795547376, 32.08757093383374], [34.771830669312024, 32.087575906812376], [34.771734197263385, 32.0875889382496], [34.771660182163565, 32.0875944118019], [34.77155252709219, 32.0876016794652], [34.77143810081288, 32.08761846749561], [34.77134424883149, 32.08763878049085], [34.77128544163789, 32.08765993916277], [34.77122702222372, 32.08768646205262], [34.77116627029778, 32.08773206503705], [34.77097966445073, 32.08784022813673]]"
235,2.5,פרי אליעזר מארלוזורוב עד הכניסה לחוף,דו סטרי,2021.0,157.07,כביש,1614470400000.0,20/08/2025 01:08:49,157.07118990804307,"[[34.77097966445073, 32.08784022813673], [34.77087042449227, 32.08770814767714], [34.77074787669253, 32.08754548169784], [34.77072325041233, 32.08753776288594], [34.770700883525876, 32.08752623364298], [34.770578336267384, 32.08736356749981], [34.77057622116765, 32.087336836739254], [34.77057179947312, 32.08732345983941], [34.77026424555412, 32.08693110617396], [34.77022855293657, 32.08689280856711], [34.77018382969438, 32.08686784085823], [34.770065154034974, 32.08683498421247], [34.76998219801156, 32.086834699796704], [34.76993510603165, 32.086836447397545]]"
236,,מעבר חציה אבן גבירול פנקס,,2000.0,25.18,,,20/08/2025 01:08:49,25.17962297244041,"[[34.782707739759246, 32.09071779120608], [34.78283789900573, 32.09068127731909], [34.78296390971139, 32.090707355080944]]"
237,,מעבר חציה אבן גבירול בזל,,2000.0,23.98,,,20/08/2025 01:08:49,23.97995313841005,"[[34.78245929355314, 32.08940503225137], [34.78271057745107, 32.08937341722915]]"
238,3.0,גרינבויים מגרוסמן עד בן צבי 1.1,דו סטרי,2021.0,512.99,כביש,1615852800000.0,20/08/2025 01:08:49,512.9877681808509,"[[34.765625142780436, 32.04146368628644], [34.76577656560148, 32.04143319036689], [34.765815773085805, 32.04143571213617], [34.76586508361693, 32.04166972727039], [34.76587872639268, 32.04174613098295], [34.76591741080442, 32.04185841522214], [34.76594228184655, 32.04193008547347], [34.76595336218815, 32.04195637224711], [34.76597201748112, 32.04215687443329], [34.766110199710624, 32.04255345523268], [34.76615730026022, 32.04266338143772]]"
239,,משה דיין גדה מזרחית,חד סטרי,2014.0,610.08,,,20/08/2025 01:08:49,610.0757326186397,"[[34.79914692290563, 32.06475527159452], [34.799116180098004, 32.06494861093208], [34.79905641370513, 32.06494587495112], [34.79904740798673, 32.064954754034055], [34.79902015399783, 32.065034842339834], [34.79899901828648, 32.065083134144466], [34.79895147704553, 32.06535786759196], [34.79894383638052, 32.06539602134233]]"
240,2.0,יהודה המכבי מעקף לעבודות נתע באבן גבירול,,2021.0,68.93,כביש,1615766400000.0,20/08/2025 01:08:49,68.92815809061588,"[[34.784251255601575, 32.093769122916584], [34.78364536187787, 32.09385887404697], [34.783579593399516, 32.09385744178435], [34.78357466537008, 32.0938992718667]]"
241,2.5,בוגרשוב משדרות בן ציון עד הירקון,דו סטרי,2021.0,889.0,כביש,1616630400000.0,20/08/2025 01:08:49,889.0022760302253,"[[34.77549364944913, 32.07392746364169], [34.77547089713453, 32.07394870489762], [34.77528099360657, 32.0740201391721], [34.77512560890107, 32.07410387234913]]"
242,2.0,מרמורק מהוברמן עד יהודה הלוי,,2012.0,157.65,,,20/08/2025 01:08:49,157.64521709323387,"[[34.779865538516944, 32.071842627476485], [34.77938581470103, 32.07212499265727], [34.779004294085794, 32.07235078284068], [34.77868771417859, 32.07246242524523], [34.778616284830036, 32.07235829024668], [34.77848515429071, 32.072393467528364]]"
243,2.5,"כ""ג יורדי הסירה (דיזנגוף הנמל)",דו סטרי,2021.0,214.69,כביש,1610841600000.0,20/08/2025 01:08:49,214.6946204498124,"[[34.7759188543096, 32.09605678545687], [34.77529301992035, 32.096150759400366], [34.774921665909844, 32.096208039364605]]"
244,2.5,יהודה הלוי מהרכבת עד אלנבי ,,2021.0,489.34,כביש,1617494400000.0,20/08/2025 01:08:49,489.3444903579792,"[[34.77358051527846, 32.061899980923975], [34.77386975288582, 32.06202191803382], [34.77431754080315, 32.0622271425849], [34.77455952510191, 32.06234747040326]]"
245,2.5,דיזנגוף מהוברמן עד קינג גורג,דו סטרי,2021.0,462.67,כביש,1609977600000.0,20/08/2025 01:08:49,462.6724009763621,"[[34.780724011713595, 32.073858726590686], [34.77595570678917, 32.07482009857449]]"
246,3.5,פנחס ספיר דוש עד הרב גורן שרון 10,דו סטרי,2021.0,210.81,כביש,1614470400000.0,20/08/2025 01:08:49,210.8127580242956,"[[34.79816194405832, 32.09054786044168], [34.79818955833603, 32.09048093361168], [34.79819468722841, 32.090428067481966], [34.79810651478339, 32.090205197630944], [34.798075201389516, 32.09003709072996], [34.798065946204304, 32.08986479091933], [34.798081686326924, 32.08970365783751], [34.798122673400094, 32.08949655326632], [34.79812897047594, 32.08943175843393], [34.79813942567936, 32.08933286504376], [34.79817807358643, 32.08920165363532], [34.79821457389349, 32.08910284284153], [34.79817872125616, 32.08902126046199]]"
247,2.5,לוין קיפניס מסשא ארגוב עד עיר שמש,דו סטרי,2021.0,179.43,מדרכה,1622332800000.0,20/08/2025 01:08:49,179.43248246960144,"[[34.83128653486122, 32.12429677433956], [34.83129286778656, 32.124370156690894], [34.83133500785178, 32.124607304711304], [34.831341226033594, 32.124708903521], [34.8315367003731, 32.12515859087308], [34.83174902046797, 32.12553686386232], [34.831811722974344, 32.12561041207027], [34.831894410857096, 32.12566144650953], [34.8318404499508, 32.125779270751444]]"
248,2.5,עיר שמש אבנר עד אבוקה,דו סטרי,2021.0,103.71,כביש,1622332800000.0,20/08/2025 01:08:49,103.7061046332732,"[[34.83128653486122, 32.12429677433956], [34.831130997171385, 32.12432150001212], [34.83068399570733, 32.1243690463888], [34.83047575347449, 32.12439133687662], [34.83038422744223, 32.12439412088878], [34.83031957978528, 32.1244061463673], [34.830274682094604, 32.124415175831], [34.83025257031517, 32.124436549491314], [34.830218875829374, 32.12445929389701]]"
249,2.5,אבוקה מענתות עד עיר שמש ,דו סטרי,2021.0,88.74,כביש,1622332800000.0,20/08/2025 01:08:49,88.74146078760987,"[[34.830218875829374, 32.12445929389701], [34.83018554847774, 32.124491263720685], [34.830165248680906, 32.12451888035611], [34.830156164491946, 32.124546531040764], [34.83016610922274, 32.12485769101448], [34.830181665753926, 32.125167913471984], [34.83018024078441, 32.12524235237042]]"
250,2.0,פארק הירקון,,2000.0,33.95,,,20/08/2025 01:08:49,33.95283515590305,"[[34.815517986727386, 32.10482053965969], [34.81549576039006, 32.10464302708425], [34.815479633023955, 32.104516105360375]]"
251,1.0,פארק הירקון מאבן גבירול עד אייזיק רמבה,,2004.0,262.23,,,20/08/2025 01:08:49,262.2293688921187,"[[34.78323875308403, 32.09677873355622], [34.78378534399396, 32.09680460838231], [34.78419047960357, 32.09681160084393], [34.784198766055475, 32.09681250847408]]"
252,2.5,אופני דן פארק הירקון,,2021.0,801.38,מדרכה,1623801600000.0,20/08/2025 01:08:49,801.3828142283785,"[[34.81394482767434, 32.10505880487181], [34.81379960153, 32.10495056217526], [34.81355489068175, 32.10450241800833], [34.81349909479036, 32.10441228190128], [34.813401531165326, 32.10429202886447], [34.81319458024154, 32.10414469098304], [34.81274050306004, 32.103893658139036], [34.81249929339559, 32.103742160557815], [34.8122270941374, 32.103640611155605], [34.81213323574353, 32.10361702288285], [34.811846105520154, 32.1035164436356], [34.811499096411644, 32.10339055246164], [34.811243911112584, 32.10328892928065]]"
253,2.5,מרים החשמונאית,דו סטרי,2021.0,313.51,כביש,1617494400000.0,20/08/2025 01:08:49,313.5081704364121,"[[34.784251255601575, 32.093769122916584], [34.78428527137758, 32.09373518971795], [34.78424696117425, 32.093732297788684], [34.7842132228609, 32.093723892165336], [34.78419652401805, 32.09368236546325], [34.78415352023283, 32.09342786698458], [34.78407928755876, 32.093052407564805], [34.78405659161336, 32.09289229146362], [34.783949966232896, 32.092346730638255], [34.78388530245365, 32.091999818174685], [34.78381367154555, 32.09161417517968], [34.78373046282147, 32.0912036116043], [34.78370263430777, 32.09103984596207]]"
254,1.5,אבן גבירול,,2002.0,2331.28,מדרכה,,20/08/2025 01:08:49,2331.281070790461,"[[34.78165227390459, 32.073778294926505], [34.78163683265949, 32.073777736608776], [34.78163542051025, 32.073780118029305]]"
255,,מעבר חציה פנקס ,,2000.0,26.48,,,20/08/2025 01:08:49,26.48159954463938,"[[34.78302200731604, 32.09083557848293], [34.78304251125821, 32.091073745199665]]"
256,2.5,שדרות ירושלים מבן צבי עד אילת,דו סטרי,2021.0,685.04,כביש,1622505600000.0,20/08/2025 01:08:49,685.0392833732661,"[[34.75987373721519, 32.05692329246816], [34.759842573408, 32.056454497926964], [34.759822148434395, 32.05608965602666], [34.75980265023541, 32.05581128545154], [34.75979501360169, 32.055721927386934], [34.75977295007655, 32.055556930709976], [34.759738393852636, 32.05533348038446], [34.75970190096993, 32.05509341679108], [34.759639339127915, 32.05509949720479], [34.759630623119214, 32.0550943119935], [34.75962058173802, 32.05508511457776], [34.75961800579583, 32.05506162744427], [34.75960575692856, 32.05495278353559], [34.75951728088448, 32.054339178460026], [34.75946784858236, 32.05399427686617], [34.759421687031484, 32.053668283724946], [34.759364320269285, 32.0532444115142], [34.75931045059632, 32.05290842555617], [34.759279704026, 32.05257977385105], [34.75922808583468, 32.05213121715827], [34.75917339607739, 32.051761673499925], [34.75912747234059, 32.05143663237305], [34.759059531237696, 32.051035108790515], [34.759049138497836, 32.05095732894298], [34.75904251025879, 32.050848875297426]]"
257,2.5,שדרות ירושלים מבן צבי עד פסטלוצי,דו סטרי,2021.0,382.33,כביש,1622505600000.0,20/08/2025 01:08:49,382.3347261773485,"[[34.75844759379204, 32.04655842357411], [34.758491551210994, 32.046921630156724], [34.758534599220276, 32.04727614926209], [34.75859891451189, 32.047658420880694], [34.758660123177265, 32.0480692177875], [34.758706733141395, 32.048503905859654], [34.758770946658075, 32.04889394499188], [34.75882847998981, 32.04926204257449], [34.75884239009171, 32.04941493052077], [34.75884351187289, 32.04949000491236], [34.75887822211817, 32.049542236860034], [34.75887480770938, 32.04955310496263], [34.7588877329595, 32.0496608061286], [34.7589281998048, 32.04997495265632], [34.75892825219642, 32.04997528469928]]"
258,2.0,ככר מחל אלנקווה,חד סטרי,2020.0,104.04,כביש,1601078400000.0,20/08/2025 01:08:49,104.07891240899096,"[[34.80165157371446, 32.04975244600308], [34.801677522681466, 32.04975029019915], [34.80170270307393, 32.04974366115589], [34.801726349798365, 32.04973276029342], [34.80174774436103, 32.049717918828954], [34.80176623669895, 32.04969958771285], [34.8017812649318, 32.04967832392682], [34.80179237243433, 32.04965477356022], [34.801799221710695, 32.04962965217904], [34.8018016046491, 32.04960372308373], [34.801799448845166, 32.04957777411672], [34.8017928198019, 32.04955259372426], [34.80178191893944, 32.04952894699982], [34.80176707747497, 32.049507552437156], [34.80174874635887, 32.04948906009923], [34.801727482572836, 32.04947403186639], [34.80170393220624, 32.04946292436386], [34.80167881082506, 32.04945607508749], [34.801652881729744, 32.049453692149086], [34.80162693276274, 32.04945584795302], [34.801601752370274, 32.04946247699628], [34.80157810564584, 32.049473377858746], [34.80155671108317, 32.049488219323216], [34.80153821874525, 32.04950655043932], [34.801523190512405, 32.04952781422535], [34.801512083009875, 32.04955136459195], [34.80150523373351, 32.04957648597313], [34.8015028507951, 32.04960241506844], [34.80150500659904, 32.04962836403545], [34.8015116356423, 32.04965354442791], [34.80152253650476, 32.04967719115235], [34.80153737796923, 32.049698585715014], [34.801555709085335, 32.049717078052936], [34.801576972871366, 32.04973210628578], [34.801600523237965, 32.04974321378831], [34.80162564461914, 32.04975006306468], [34.80165157371446, 32.04975244600308]]"
259,2.5,פלומר מהתערוכה עד יריד המזרח,דו סטרי,2021.0,138.44,כביש,1623283200000.0,20/08/2025 01:08:49,138.44464296115433,"[[34.77583785420446, 32.0971723455469], [34.775815399908254, 32.09732160871301], [34.77584498005358, 32.097375082714706], [34.77590825313842, 32.097632670584574], [34.77590923953384, 32.097672358753485], [34.775852371215585, 32.09780916457699], [34.7756812530565, 32.09816638747669], [34.77567565189828, 32.098197957127034], [34.77567129474628, 32.098266659256474], [34.775660483018555, 32.09831444068434], [34.77563346782137, 32.09836520718025]]"
260,2.0,רוקח משיטרית עד אייזיק רמבה,,2000.0,9.12,,,20/08/2025 01:08:49,9.116064337308902,"[[34.8149946466219, 32.10738649297552], [34.814980818235, 32.10746785279404]]"
261,2.5,שלבים התחברות לשארית ישראל,,2021.0,27.01,כביש,1624147200000.0,20/08/2025 01:08:49,27.008908165897708,"[[34.764825163856685, 32.051350424987504], [34.76489818024813, 32.051490270810845], [34.76493499809445, 32.05157517847943]]"
262,2.5,נמל יפו,דו סטרי,2021.0,558.68,כביש,1627344000000.0,20/08/2025 01:08:49,558.6814449823755,"[[34.747691860223085, 32.04774798631151], [34.74769078584032, 32.047846001613046], [34.747690603686586, 32.04788268126831], [34.74774400634553, 32.0479694815551], [34.7479368419662, 32.04827809763059], [34.74823183175014, 32.04874764743187], [34.748431239430694, 32.04906524566683], [34.74871969059784, 32.049520716390155], [34.74887874959646, 32.04977295863547], [34.74890838004965, 32.04982910592919], [34.74893924736445, 32.04987710547902], [34.74899854271666, 32.04998226609413], [34.749098846791554, 32.05016671594607], [34.74915198240904, 32.050251525316156], [34.749241452502545, 32.05021341229331], [34.74936252918727, 32.05040540152936], [34.74948297177144, 32.050585692157796], [34.749494248098074, 32.05060393254349], [34.74950561791855, 32.05062232386253], [34.74951886170138, 32.05064374740937], [34.74956351540915, 32.05071597776464], [34.7496035692837, 32.05077307399814], [34.74963644617964, 32.05089851817301], [34.749668193261904, 32.05101071189521], [34.74971197853321, 32.051107665253284], [34.74974643105154, 32.05115669648304], [34.74995115259595, 32.051369363743525], [34.7501677004598, 32.05159506332768], [34.75026892443178, 32.05170470485855], [34.75029739841589, 32.051764406138005], [34.750313675678285, 32.05184853198184], [34.750288200638195, 32.051919764173725], [34.750316444958905, 32.05201462359912], [34.750340301579676, 32.05203934233618], [34.75038027153828, 32.0520555319383]]"
263,2.5,דיזנגוף מירמיהו עד בן יהודה,דו סטרי,2021.0,103.67,כביש,1628985600000.0,20/08/2025 01:08:49,103.66569528169693,"[[34.77637971760796, 32.094803296108424], [34.77613434409017, 32.095714495971116]]"
264,,קרן קיימת מחיים לבנון עד איילון,דו סטרי,2021.0,721.9,כביש,1627689600000.0,20/08/2025 01:08:49,721.8955326637691,"[[34.80818694647271, 32.11972749618276], [34.80910791943883, 32.1194058823475]]"
265,2.5,ירמיהו מערב מבן יהודה עד דיזנגוף,דו סטרי,2021.0,148.34,כביש,1628985600000.0,20/08/2025 01:08:49,148.33940328022334,"[[34.77529980421756, 32.09467699003076], [34.775434824419804, 32.0946591537052], [34.77543605919257, 32.09465811001236], [34.77656513419887, 32.09480335884166], [34.7765133499767, 32.09490456621185]]"
266,2.5,הרצל מדרך יפו עד בן צבי,,2021.0,1616.24,כביש,1630800000000.0,20/08/2025 01:08:49,1616.2402425035746,"[[34.768630976301374, 32.045894021894966], [34.76872568297923, 32.04612626560279], [34.76880919895215, 32.046386416400736], [34.768977509804664, 32.046898761185474]]"
267,2.5,דיזנגוף מקינג ג'ורג' עד הככר גדה מזרחית,חד סטרי,2021.0,306.78,כביש,1634688000000.0,20/08/2025 01:08:49,306.7792382372154,"[[34.7756134480736, 32.07504520939909], [34.775235086047054, 32.07541757437058], [34.77520771458692, 32.075478465057884], [34.775202020637416, 32.075497533009944], [34.775116315350054, 32.075607952460054], [34.775032728148354, 32.07574510169796], [34.7750135968652, 32.075761261835666], [34.7749764826404, 32.075787859642475], [34.77485192613499, 32.076056575984474], [34.77476359049917, 32.07625001835081], [34.77462188885563, 32.076589302499194], [34.774569639139116, 32.0767361012998], [34.77453092151708, 32.076865767832686], [34.77437143968297, 32.07745905008375], [34.77436447028701, 32.07751113621199], [34.7743609520769, 32.07754433709881]]"
268,1.5,דיזנגוף מהככר עד אסתר המלכה,חד סטרי,2021.0,63.18,כביש,1629936000000.0,20/08/2025 01:08:49,63.18353387270295,"[[34.7741318969005, 32.07843375159098], [34.774058284004234, 32.07883358308078], [34.77402434229479, 32.0789960960883]]"
269,1.5,דיזנגוף מהככר עד בן גוריון גדה מזרחית,חד סטרי,2021.0,553.93,כביש,1629936000000.0,20/08/2025 01:08:49,553.9316726042032,"[[34.774022037603906, 32.079105271229125], [34.773989114462694, 32.079241827935235], [34.77395868003409, 32.07942115041361], [34.77395931236582, 32.07947765312551], [34.773947453938966, 32.07952036926911], [34.77393356977738, 32.079612707475], [34.77390677361607, 32.079781353408336], [34.77386966504376, 32.08004540310913], [34.77383499414276, 32.08041119976466], [34.77382265196296, 32.080748440535466], [34.77382384579132, 32.08121113426255], [34.77384224713241, 32.081446549606426], [34.773846913689, 32.08159888716001], [34.77384785081915, 32.081685930796866], [34.773862901326105, 32.081775312927604], [34.773876234758475, 32.081800554152714], [34.773888439320686, 32.08192313941191], [34.773906166797424, 32.0820153938028], [34.77392952883079, 32.082196999218816], [34.773967203056216, 32.082482299187646], [34.774007894161095, 32.08269774887893], [34.77402809756759, 32.08283582240974], [34.77405233117548, 32.08297505579394], [34.77408854531725, 32.083141242776286], [34.77412621743976, 32.08328338405034], [34.77416764353876, 32.08348566557187], [34.77421426815128, 32.083726902960926], [34.77421887168145, 32.08374925133179], [34.77422264705268, 32.08380480968442], [34.77425949685281, 32.08397901654061], [34.77427930722191, 32.08405753470034]]"
270,1.5, דיזנגוף מהככר עד בן גוריון צד מערבי,,2021.0,678.53,כביש,1629936000000.0,20/08/2025 01:08:49,678.5289431200158,"[[34.77402723244075, 32.078402980671115], [34.77401584912558, 32.07852992265807], [34.773958258591186, 32.07882917988152], [34.77393165898982, 32.07887187030009], [34.7738827507168, 32.0792694833165], [34.77386499614403, 32.079388980112924], [34.77384311130927, 32.07957434201747], [34.773838233109124, 32.07961426648916]]"
271,2.5,צומת 1285 על פרשת דרכים,,2021.0,121.89,כביש,1630454400000.0,20/08/2025 01:08:49,121.89494600216688,"[[34.79589437361737, 32.0820001521145], [34.79575546488884, 32.08188072591942], [34.79553243844281, 32.081668520064184], [34.79530546667328, 32.08132548051981]]"
272,,צומת על פרשת דרכים ערבי נחל,,2021.0,118.2,כביש,1630454400000.0,20/08/2025 01:08:49,118.2014013350083,"[[34.797195539509595, 32.08085539771177], [34.79699014614882, 32.08069436980564]]"
273,,סובה בעל פרשת דרכים,דו סטרי,2021.0,78.67,כביש,1630454400000.0,20/08/2025 01:08:49,78.67469409906177,"[[34.79676984899143, 32.081447341385086], [34.79709854365527, 32.081602048631765], [34.79712318589677, 32.081604646535794], [34.79717352826723, 32.081593893101676], [34.797194263355074, 32.081588082789246], [34.7972081330084, 32.08157385386341], [34.79721316770232, 32.08155036043255], [34.79720937594135, 32.0815159242977], [34.797200635108595, 32.08148567008049], [34.79708898013878, 32.08131234918511]]"
274,,על פרשת דרכים ממנחם בגין עד הצומת1285,,2021.0,107.07,,,20/08/2025 01:08:49,107.0668917030753,"[[34.79592973938491, 32.08168691561272], [34.79600886980356, 32.081591823755495], [34.79609606192565, 32.08149974725179], [34.79621591748906, 32.08138090714473], [34.79623965563692, 32.081365030986674], [34.79632356449843, 32.081345990367204], [34.79635319411505, 32.08133601011336], [34.796522527252264, 32.08117870726437], [34.796665158777856, 32.08103811045518], [34.79668402328613, 32.08100962415868], [34.79669098925802, 32.0809953730736]]"
275,2.5,מנחם בגין מערבי נחל עד בית 155,דו סטרי,2021.0,232.21,כביש,1630454400000.0,20/08/2025 01:08:49,232.2131424999133,"[[34.79669098925802, 32.0809953730736], [34.79669804094502, 32.08096181137657], [34.79670453708523, 32.08093815222861], [34.796678564131064, 32.08090633383549], [34.79652116852216, 32.08081850714294], [34.79595099873485, 32.08050810658109], [34.795901448871355, 32.08046722931565], [34.7958739634336, 32.08043859370174], [34.7958395231593, 32.080421690463425], [34.79580800752834, 32.08041235272828], [34.7957592466075, 32.08041200610719], [34.79574327799254, 32.080423055617175], [34.79566810257181, 32.080383354507944], [34.79547332059626, 32.08027609502374], [34.795442813561095, 32.080261723065256], [34.79541524608194, 32.08025155841067], [34.795399471491955, 32.080250667928986], [34.79536296200238, 32.08025558836602], [34.7953392912995, 32.08025635151609], [34.79532843900936, 32.08022994549463], [34.79531586260076, 32.080202540135474], [34.795281459917945, 32.08017724031911], [34.79475135746453, 32.079855633665424]]"
276,2.5,מנחם בגין מבית 156 עד מערבי נחל,דו סטרי,2021.0,147.5,כביש,1630454400000.0,20/08/2025 01:08:49,147.49897227232807,"[[34.79699014614882, 32.08069436980564], [34.796893696126126, 32.08062128626047], [34.79659761010257, 32.08048206613003], [34.79630056276916, 32.08030814862397], [34.79623762209679, 32.080269323213045], [34.79619343563843, 32.08022636036726], [34.796141416570435, 32.08017077789783], [34.79575981722887, 32.07993949266646], [34.7957260594594, 32.079925165301184]]"
277,,מקטע מתוך על פרשת דרכים,,2021.0,82.26,,1630454400000.0,20/08/2025 01:08:49,82.2613335147747,"[[34.79624683810594, 32.08130208317717], [34.796207605049396, 32.08125409890952], [34.79611603892751, 32.081221058171735], [34.795715250292425, 32.08109046504526], [34.79570638938089, 32.08108707820682], [34.79546597300028, 32.08118060428312]]"
278,2.5,על פרשת דרכים מערבי נחל עד 1285 ,דו סטרי,2021.0,128.52,כביש,1630454400000.0,20/08/2025 01:08:49,128.5200662184339,"[[34.796222300188376, 32.08191095531108], [34.79630454032661, 32.081914546010125], [34.7963192328737, 32.081910632678984], [34.79632203513991, 32.08188544575284], [34.79632348715727, 32.08186139974839], [34.796349258877086, 32.08181338138525], [34.79643128126876, 32.08168999506471], [34.79652520765575, 32.081571149634335], [34.79668981637819, 32.08142805345698], [34.79691681769421, 32.08123111898601], [34.79695186779347, 32.081214052639666], [34.79698756002488, 32.08119167050474], [34.79707515499258, 32.081191636498794], [34.79707805149611, 32.08112604073684]]"
279,,אבן גבירול מרוקח עד אוסישקין,,2000.0,342.07,,,20/08/2025 01:08:49,342.0679983004705,"[[34.78381958605033, 32.095498934461546], [34.78381871748173, 32.09568850757582], [34.78380630859695, 32.0958935016721], [34.78379900641324, 32.096026912777184], [34.783794015227, 32.09607327231092], [34.78378480567869, 32.09620586366793], [34.78377323959436, 32.09632099134172], [34.783765357582965, 32.09645076180722], [34.78376053223668, 32.09652518904659], [34.783750057657336, 32.09673130233503], [34.78374778278611, 32.096860614366065], [34.78372788693916, 32.097165476984365], [34.783721808445605, 32.097268530823854], [34.78372343165707, 32.09728142001668], [34.78378007905084, 32.0973975668557], [34.78377567848317, 32.09750158125606], [34.78375750751267, 32.097796905084024], [34.78373172211811, 32.09816330483664], [34.783722018664356, 32.098323610861044], [34.78380968226145, 32.09839977543538], [34.78389764809841, 32.098402137979285]]"
280,2.5,חיבור אוסישקין לפארק,דו סטרי,2021.0,38.96,כביש,1634774400000.0,20/08/2025 01:08:49,38.95590165634012,"[[34.77882712217624, 32.09564897269139], [34.77866084461076, 32.09532745516499]]"
281,2.5,ספיר פנחס שרון 10,דו סטרי,2021.0,440.15,כביש,1635724800000.0,20/08/2025 01:08:49,440.15174272292205,"[[34.79752387004428, 32.08523366953543], [34.797588993984945, 32.08547658210265], [34.7976793508853, 32.08561200593033], [34.79788773341225, 32.086481169809474]]"
282,2.5,יעקב דורי שרון 10,דו סטרי,2021.0,251.73,כביש,1635724800000.0,20/08/2025 01:08:49,251.7327878024239,"[[34.79544897632365, 32.08590634082541], [34.79538377860581, 32.085576797674605], [34.79545953327104, 32.0854818738944], [34.79551465034175, 32.08552001071264], [34.795596619514924, 32.085535458611474], [34.795653621779856, 32.08555082591323], [34.79568573715738, 32.08554789229818], [34.79633543025072, 32.08543155564054], [34.79639265413173, 32.08539681821757], [34.796640684807066, 32.0853672490178], [34.797493839947464, 32.08521663933092], [34.79752387004428, 32.08523366953543]]"
283,2.5,שביל שרון פארק גני יהושע 9.1,דו סטרי,2021.0,195.61,,1636502400000.0,20/08/2025 01:08:49,195.60600804778403,"[[34.80825714260283, 32.102121577321974], [34.808163132573554, 32.10208119890224], [34.80809833329552, 32.102027550054004], [34.80803139848256, 32.10194908095913], [34.807978025513044, 32.101845838939354], [34.80798751391766, 32.10172561553149], [34.80799935330418, 32.10158058504415], [34.807999831482334, 32.10146987702899], [34.80795562564153, 32.10132085387446], [34.80784202163102, 32.10110465586867], [34.80756726208387, 32.10089970504435], [34.8075248294786, 32.10085948772731], [34.80740250452374, 32.100626232673385]]"
284,1.0,פארק הירקון מאבן גבירול עד אייזיק רמבה,,2004.0,955.25,,,20/08/2025 01:08:49,955.2545867355374,"[[34.81494670296503, 32.10363152055301], [34.81484698048629, 32.10354263779928], [34.81448226893029, 32.10317815909171], [34.81423502947202, 32.102527165163195], [34.81406339040112, 32.10199488302657], [34.81389506052102, 32.10168625281707], [34.81380105919475, 32.10152510692534], [34.81322752107948, 32.10102259333417], [34.812298730159114, 32.100605937156146], [34.81217383277937, 32.10058190564352], [34.81142308314526, 32.100756914900046], [34.8109096962209, 32.1006370969746], [34.810645658445836, 32.10067174370235], [34.81031171996885, 32.10081257412841], [34.81001975157615, 32.1008825998798], [34.80953444849753, 32.1006919293555], [34.80891144282498, 32.10022891163358], [34.808684155537804, 32.10019986766987], [34.80845789131979, 32.10034626892271], [34.80830353834811, 32.10051741421108], [34.80827792745058, 32.1008891944811], [34.808282356162636, 32.10097502225703], [34.80787838579467, 32.10109395008627]]"
285,2.5,מעבר חציה אבן גיברול זבוטינסקי והשלמה של זבוטינסקי,,2021.0,101.95,כביש,1636502400000.0,20/08/2025 01:08:49,101.95489936382388,"[[34.782186210492746, 32.088037425898136], [34.782294981982176, 32.08802411996669], [34.782423542314845, 32.08800327779593]]"
286,2.5,אבן גיברול מז'בוטינסקי עד פנקס,חד סטרי,2021.0,297.54,,,20/08/2025 01:08:49,297.54427864016856,"[[34.78248468889872, 32.0879683604749], [34.78250811839984, 32.08794400550126]]"
287,2.5,הנחושת,דו סטרי,2020.0,94.5,מדרכה,1604188800000.0,20/08/2025 01:08:49,94.50130494751096,"[[34.83979255043509, 32.10773116757384], [34.83970773937952, 32.10807941774396], [34.83950853340698, 32.10854611434977]]"
288,1.5,דיזנגוף מקינג ג'ורג' עד הככר גדה מערבית,חד סטרי,2021.0,157.0,כביש,1639267200000.0,20/08/2025 01:08:49,156.9991918605238,"[[34.774682592181925, 32.07605401162051], [34.774647288191886, 32.07612489864563], [34.77464966759561, 32.07619133238389], [34.774616812562535, 32.076313764859556], [34.77449816720696, 32.076660380136516], [34.774436850685404, 32.07682852769499], [34.77441349112304, 32.07693381327189], [34.77428744202254, 32.07742470719492]]"
289,1.6,משה דיין מיצחק שדה עד יד לבנים,,2014.0,350.68,כביש,,20/08/2025 01:08:49,350.6787011028932,"[[34.80005423418062, 32.06093682234873], [34.80001469815041, 32.06112938189115], [34.799944873481536, 32.06141510798284], [34.7998273285862, 32.06179532465976], [34.79959050401225, 32.06241278216251], [34.79954812625995, 32.0625252624339], [34.79921006521639, 32.0634224558125], [34.79904917126067, 32.06397773288723]]"
290,1.6,משה דיין גדה מערבית מיד לבנים דרומה,,2021.0,149.93,כביש,1635724800000.0,20/08/2025 01:08:49,149.93469946611094,"[[34.80022718503715, 32.05959358803655], [34.80021694083489, 32.05977277734371], [34.80014076210153, 32.06042498025743], [34.80009444097991, 32.0607409914256], [34.80005423418062, 32.06093682234873]]"
291,1.6,צומת משה דיין לה גוארדיה,,2021.0,236.01,כביש,1635724800000.0,20/08/2025 01:08:49,236.00743103704457,"[[34.8002538015464, 32.05848126110475], [34.80024503695533, 32.058825660621466], [34.80026548799017, 32.05893262596703], [34.800250049065255, 32.05903974290867], [34.80021154538277, 32.05907414611591]]"
292,1.6,משה דיין גדה מזרחית השלמת קטעים,חד סטרי,2021.0,119.81,כביש,1635724800000.0,20/08/2025 01:08:49,119.81348283756684,"[[34.80053961095926, 32.05796013855044], [34.800538607414964, 32.05818857354112], [34.8005381305456, 32.058297121550446], [34.8005246609137, 32.0588247600222], [34.800527075352214, 32.059040461758066]]"
293,2.5,פארק המסילה המשך עד נחלת בנימין,דו סטרי,2022.0,294.74,כביש,1660780800000.0,20/08/2025 01:08:49,294.73565250566446,"[[34.76940957577484, 32.06096086280481], [34.769522387806816, 32.06097637562365], [34.769680461197346, 32.060988402158785], [34.76969029632877, 32.06099946387289], [34.77028664498421, 32.061056599857146], [34.770402049470455, 32.06106989876401], [34.77050620859309, 32.06107362805851], [34.77061022525891, 32.061082189469545], [34.77072147391551, 32.06109134547085], [34.771110068632595, 32.06112958560402], [34.771434939777464, 32.061159327561064], [34.77151110343432, 32.061169131343206], [34.77174984018519, 32.0612155806297], [34.77213121503739, 32.06133349495083], [34.7724175607279, 32.06145281662628], [34.77244336165857, 32.06146646386403]]"
294,2.0,משה דיין גדה מזרחית,,2014.0,466.05,,1391212800000.0,20/08/2025 01:08:49,466.0549263090561,"[[34.80049501510178, 32.05956609756806], [34.80047376904387, 32.05998121270583], [34.80037265884402, 32.060740649423565], [34.80028499723598, 32.06116493315643], [34.80024428208555, 32.06131867592518], [34.80017660753195, 32.061608768251816], [34.80005448516821, 32.06194691642011], [34.79963912454171, 32.063017576371934], [34.79943858980435, 32.06359351366655], [34.79945558352633, 32.063620630696136], [34.79944812298341, 32.06364586601321]]"
295,,רוקח,,2000.0,78.0,,,20/08/2025 01:08:49,77.99827451180502,"[[34.78011741751322, 32.09863578467973], [34.7809418043575, 32.098683597346636]]"
296,2.5,יגאל אלון מנחמ מוזס עד ערבי נחל,דו סטרי,2022.0,537.07,כביש,1641168000000.0,20/08/2025 01:08:49,537.0722973395139,"[[34.79571175750095, 32.075447922962724], [34.795756429623395, 32.07548471572044], [34.79577591987735, 32.07553822488062], [34.79582386686821, 32.075645271199676], [34.79584868313978, 32.075711014051], [34.795855557689286, 32.07577822578215], [34.795860836106804, 32.075801148231406], [34.79596399670006, 32.07589079572706], [34.79599663488858, 32.07591458639959], [34.79612803481181, 32.07624479572318], [34.79615940953031, 32.07637847874887], [34.79617373138428, 32.07642060414663], [34.796205612955745, 32.0765108018409], [34.79624135321401, 32.0765399302089], [34.79626085075111, 32.0765919125836], [34.79629797712621, 32.076712667116375], [34.79630642808778, 32.076828749106404], [34.79636442486477, 32.076944990643845], [34.796418051719314, 32.07700424849709], [34.79658231224728, 32.077303016739826], [34.79662855502862, 32.07739020708172], [34.79670141621033, 32.077541617344124], [34.79679931871673, 32.077708378999404], [34.796834418566064, 32.07778817753096], [34.79689355813814, 32.0778655545088], [34.79697677239097, 32.07797443078255], [34.7971249069768, 32.0780972913983], [34.79739841506955, 32.07829973883147], [34.79763005350767, 32.07843982336728], [34.79792520990439, 32.078614471190406], [34.79819003377799, 32.07880429017215], [34.79823450448465, 32.07888746488705], [34.79835856064232, 32.07897089463651], [34.79849917622577, 32.0790712867435], [34.79861439438203, 32.07916641117917], [34.79864667835492, 32.07921709767144], [34.79867112776748, 32.07926489498982], [34.798678725238325, 32.07932122878102], [34.79866846398159, 32.079360326322124]]"
297,2.5,3960,דו סטרי,2021.0,201.11,כביש,1640649600000.0,20/08/2025 01:08:49,201.10528652041364,"[[34.77311117262125, 32.045017242421466], [34.77322568168764, 32.04506738556003], [34.77329641296397, 32.045110272724486], [34.77334626596036, 32.045156642829], [34.77337313719451, 32.04521004180665], [34.773521330363465, 32.045640564055496]]"
298,2.5,יגאל אלון מנח מוזס עד גבעת התחמושת,,2021.0,342.47,כביש,1640649600000.0,20/08/2025 01:08:49,342.46965622880697,"[[34.794170169314775, 32.07283955866642], [34.79421173125204, 32.072774791448154], [34.79423264517838, 32.07275176432477], [34.79429153291578, 32.07270616206447], [34.794351085358116, 32.072677722971974], [34.79440513501135, 32.07266251332895], [34.79447169572322, 32.07265607345139], [34.794536978452854, 32.07266783652597], [34.79464533255412, 32.072746498282456], [34.79467550433866, 32.07281622567155], [34.79470263688802, 32.072883270324645], [34.794704249069234, 32.07288725332804], [34.79514501021132, 32.0739550393407], [34.79515293666615, 32.07397831305623], [34.79515596005219, 32.07402071501302], [34.79525782618924, 32.074227535554286], [34.79529283581848, 32.07430012625367], [34.79533405182842, 32.074421966531034]]"
299,,חיל השריון,,2000.0,339.32,,,20/08/2025 01:08:49,339.31904227173084,"[[34.77717857523574, 32.03653702922904], [34.77702435287575, 32.03652456167447], [34.77686714307941, 32.03650341672507], [34.776718010954006, 32.03648000827086], [34.776560854563854, 32.03644741034822], [34.776496371200395, 32.036435739988164], [34.77646676044211, 32.03644251172627], [34.77643573593651, 32.036464167292365], [34.77640337225227, 32.036484673053195], [34.776373750815914, 32.03649373528818], [34.77633745486972, 32.03649246748796], [34.776306574191935, 32.03648320101787]]"
300,2.0,רחוב 2040 מיהודה עמיחי עד מרק שגאל,,2017.0,739.84,כביש,,20/08/2025 01:08:49,739.8355641080735,"[[34.78537631608909, 32.10907760649966], [34.78532228328635, 32.10923950524585], [34.7852111587288, 32.109671497509495], [34.784869790751785, 32.11096031031314], [34.784816341040035, 32.11133782704907], [34.78482231072271, 32.111404720352894], [34.78481351831882, 32.11148819993939], [34.78480178159546, 32.11160268749764], [34.78479821065156, 32.111732708267006], [34.78480102314356, 32.111768510254485], [34.784830337739564, 32.111794852870155], [34.784862510410285, 32.11180927526002], [34.78487789587205, 32.11181648458101], [34.78487964646181, 32.112046736314554], [34.78485012990278, 32.112064533514], [34.784824181681564, 32.11210947717764], [34.78480048010216, 32.112258335315836], [34.78482975368075, 32.112748661323074], [34.78484017183149, 32.11344281339622], [34.784857072480634, 32.11461327238213], [34.78486984259646, 32.11504947084295], [34.78489698457819, 32.115367371459996], [34.784943705185476, 32.11563812769609]]"
301,,דיזנגוף מקינג ג'ורג' עד טשרנחובסקי,חד סטרי,2021.0,144.29,כביש,1639267200000.0,20/08/2025 01:08:49,144.28685500279536,"[[34.77551306379566, 32.07497606959615], [34.77529569160458, 32.07515056008208], [34.77528211799779, 32.07517685533656], [34.77526173349909, 32.075221451850275], [34.77504578859667, 32.075471718533684], [34.77490037942363, 32.075682942959276], [34.774682592181925, 32.07605401162051]]"
302,,נחל הבשור,,2000.0,9.82,,,20/08/2025 01:08:49,9.815974103981349,"[[34.75610894906748, 32.03916635416182], [34.75601547312315, 32.039205031547475]]"
303,2.5,שדרות ירושלים מארליך עד נחל הבשור,,2021.0,323.48,כביש,1622505600000.0,20/08/2025 01:08:49,323.4802185620714,"[[34.7572317313507, 32.042654139886835], [34.75745495181225, 32.04325755260619], [34.757636507332386, 32.04384973687205], [34.75810420440705, 32.044932789441134], [34.75824240625336, 32.045230968800595], [34.758290506613115, 32.04542450910656]]"
304,2.5,קויפמן מאילת לחלץ,דו סטרי,2021.0,107.81,כביש,1622505600000.0,20/08/2025 01:08:49,107.81235102245762,"[[34.75987373721519, 32.05692329246816], [34.75987342923261, 32.05700603958867], [34.75997957535714, 32.05707104123121], [34.75997550885817, 32.05711994905118], [34.759972988228775, 32.05715026558888], [34.76001954400929, 32.05771658301485], [34.76003199885324, 32.05784717060593]]"
305,2.5,3965 הבלונים,דו סטרי,2021.0,274.27,כביש,1642982400000.0,20/08/2025 01:08:49,274.2703488435799,"[[34.79582678708272, 32.04209204446124], [34.79583106344819, 32.042173299908605], [34.79583443365655, 32.04219875036078], [34.79586268972252, 32.04223321326425], [34.795902278664194, 32.042275518598004], [34.795940979901026, 32.04233510753717], [34.79598450835104, 32.04240439096203], [34.796004685350766, 32.042430730606185], [34.79604508648531, 32.04247303851087], [34.79612190949599, 32.0425396642169], [34.79620691432033, 32.042591795540424], [34.79624824424557, 32.04260783171869], [34.7964793454446, 32.04266755634153], [34.79661310293922, 32.04270719027074], [34.79705716372492, 32.04270308609569], [34.797553578937496, 32.042696209426765], [34.797571057062385, 32.04270282695859], [34.797573962539836, 32.04271975933667], [34.79757698612167, 32.042787549635065], [34.79759219227324, 32.04283293248166], [34.79766495940539, 32.04300615065037]]"
306,2.5,ירימיהו מזרח חיבור לפארק,דו סטר5י,2022.0,225.85,כביש,1642982400000.0,20/08/2025 01:08:49,225.85451469818096,"[[34.77656513419887, 32.09480335884166], [34.77825659466974, 32.095001362225105], [34.77839719353741, 32.09504237216125], [34.77838459901391, 32.09507934176992], [34.778390711718515, 32.09510051189103], [34.778476949357355, 32.09525590078121], [34.778503774923735, 32.095275378448974], [34.77855344762121, 32.09527907051908], [34.778601115790295, 32.095268655521444], [34.778634315745556, 32.095252904713064], [34.77866084461076, 32.09532745516499]]"
307,2.5,רדינג ,דו סטרי,2021.0,825.66,כביש,1630800000000.0,20/08/2025 01:08:49,825.6562090988878,"[[34.79449900903771, 32.105329969310844], [34.79431551341007, 32.106245589998174], [34.794262647364505, 32.10653364438676], [34.794202497638544, 32.106945746220354], [34.7941870561533, 32.107089955518624]]"
308,2.5,שאול המלך מויצמן עד דוינצ'י,,2022.0,402.69,מדרכה,1651363200000.0,20/08/2025 01:08:49,402.68882353640254,"[[34.78857964927848, 32.07699187132821], [34.787133755136125, 32.07648737357944], [34.786049064186905, 32.07612019712474], [34.78562174818517, 32.07599288160718], [34.78536828302704, 32.075939748111956], [34.784733413487466, 32.075857342917374], [34.78455704845287, 32.075884110844825]]"
309,2.5,יצחק שדה מהשיקוע עד המסגר,דו סטרי,2021.0,225.41,כביש,1638316800000.0,20/08/2025 01:08:49,225.4125516112989,"[[34.78602378803636, 32.06525339173899], [34.78561768821128, 32.065331628972174], [34.78555133055808, 32.06535659216923], [34.785165357418826, 32.0654308652635], [34.78404075588716, 32.065688434730085], [34.78391152143713, 32.06573645828089], [34.78379445641024, 32.065741337191405], [34.78377256811515, 32.06574634974111], [34.78372404066527, 32.065771905910495]]"
310,2.5,לינקולן מהשיקוע עד וילסון,,2021.0,234.12,כביש,1638316800000.0,20/08/2025 01:08:49,234.1152609097099,"[[34.783328221358616, 32.0659840549693], [34.783170008332, 32.06604456504716], [34.78310864660192, 32.066079083590424], [34.78303789155407, 32.06610340139585], [34.78284225170506, 32.06619896633018], [34.7824067611131, 32.06643229881539], [34.782247769965664, 32.06649475931697], [34.782189842958005, 32.066536672700714], [34.782156647696475, 32.066568325835135], [34.781855309124225, 32.06672937847364], [34.78159835085347, 32.06689115018197], [34.78128696012239, 32.06704415010811], [34.78121753753487, 32.0670782764889]]"
311,2.5,מנחם בגין מחשמונאים עד יוסף קארו מסלול מזרחי,,2022.0,168.98,כביש,1643673600000.0,20/08/2025 01:08:49,168.98466016698546,"[[34.78798066461784, 32.069478043031715], [34.788122312890344, 32.06960870960066], [34.78828032711463, 32.06978989657341], [34.78842301971038, 32.06995185651193], [34.788525667772305, 32.07005716255], [34.788741682589986, 32.0702567067041], [34.788772202481596, 32.07028998271936]]"
312,2.5,מנחם בגין מזרח נמיר עד  עזריאלי,דו סטרי,2021.0,450.53,כביש,1635724800000.0,20/08/2025 01:08:49,450.5311894247311,"[[34.79207259516815, 32.07630417927849], [34.79196944488179, 32.07617523865211], [34.79192424282999, 32.076110014866565], [34.791750853729674, 32.075818152858076], [34.79173472621585, 32.07576232021509], [34.79157758409028, 32.075499949752306], [34.7914947797771, 32.075298251081705]]"
313,1.5,מנחם בגין מפועה עד עין דור ,,2021.0,246.63,כביש,1635724800000.0,20/08/2025 01:08:49,246.63023024343045,"[[34.790093423308114, 32.073681213403866], [34.79009449418229, 32.07376174302472], [34.79084096565833, 32.075287347312056], [34.790903018612205, 32.07537224488132], [34.790976114147476, 32.07550278459389], [34.79108224031738, 32.07558045644025], [34.79117365158792, 32.07568088283631]]"
314,2.5,הרכבת ,,2022.0,292.41,כביש,1643673600000.0,20/08/2025 01:08:49,292.41334203722965,"[[34.779248040413634, 32.063288838395195], [34.77942463795935, 32.06315785683728]]"
315,1.5,ישראל גורי מקיבוץ גלויות עד גיתית,חד סטרי,2000.0,1060.52,רחוב,,20/08/2025 01:08:49,1060.5228855869675,"[[34.78098460513551, 32.04715972286217], [34.78100630115245, 32.04712562822593], [34.78100950166079, 32.04711578773885], [34.780984318237124, 32.04710406059881], [34.78094866958487, 32.04708155094334], [34.78092978824007, 32.047071636702135], [34.78091097182634, 32.04704739229888], [34.780871295097576, 32.046986358140295], [34.78085723235895, 32.04696655470235], [34.78077595980358, 32.04683637642276], [34.780769769515885, 32.04681788703846], [34.780747839571475, 32.04675335817613], [34.78073705882, 32.04666122303471], [34.780736708002934, 32.04649420186299], [34.780774631080476, 32.04616744699677], [34.78080534430615, 32.04582444387011], [34.780831960074515, 32.04555311770221], [34.78087086152627, 32.045244116000056], [34.78089387922174, 32.04484838905615], [34.780881622408934, 32.044833555113065], [34.78088589558542, 32.04475721733975], [34.78090853246197, 32.044708141666604], [34.78091988255962, 32.044433313278724], [34.78091356817638, 32.044344532374424], [34.780917656913715, 32.04418659349181], [34.780918478435936, 32.0441298094679], [34.7809066272956, 32.043905008949636], [34.78090463421132, 32.043851078712954], [34.7808893719659, 32.043758928574306], [34.780865924988646, 32.0437407161078], [34.78082912574452, 32.043580254478], [34.7807589611978, 32.043365756869385], [34.780704751931076, 32.0432147806923], [34.78069088337597, 32.043184671289765], [34.7806574862542, 32.043137316571446], [34.78063590760545, 32.04307854948212], [34.78062763530349, 32.043049889921086], [34.78057487797267, 32.042948546884546], [34.780451407631524, 32.04275200503804], [34.78040525919598, 32.04267549865211], [34.78033176253266, 32.042576473200405], [34.78027887818169, 32.04250280742939], [34.78024318518918, 32.042467374733505], [34.780114456656285, 32.042318058071395], [34.78007489732263, 32.04227068257532], [34.779981204084855, 32.04217779275653], [34.77980490585976, 32.04201734081686], [34.77938952911037, 32.04170386035035], [34.77935773619896, 32.04167321276398], [34.77902810281966, 32.041475978233414], [34.778964857835824, 32.041462405079095], [34.77888885531482, 32.041421110358], [34.778862072197455, 32.0413976378901], [34.77863001220914, 32.041302373518675], [34.77846730035631, 32.04124162515389], [34.77843865629442, 32.041248761304445], [34.77837435995466, 32.04122039041571], [34.77833915637267, 32.04120070683284], [34.778279279718284, 32.04118571260921], [34.77823613934738, 32.0411860446659], [34.77817856485686, 32.04115769627073], [34.77805379443708, 32.041122441438766], [34.77792284146681, 32.04109146002573], [34.7778998938602, 32.041086611453004], [34.7778399310595, 32.04109022702764], [34.77776714455015, 32.0410804673229], [34.77772971107036, 32.041058361067456], [34.77722955053299, 32.04102899917917], [34.777070490618264, 32.041026131166426], [34.776916254785476, 32.041029301389756], [34.77667243295363, 32.0410468089467], [34.77627841724227, 32.04111550514987], [34.77619594918127, 32.041139563342696], [34.7758593391929, 32.04123911574698], [34.77575159198578, 32.041277882113235], [34.77565946710412, 32.04133053921997], [34.77558422150088, 32.04136750624546], [34.77561092813651, 32.04140720419335], [34.77563249311795, 32.041468359132864]]"
316,2.5,היינריך היינה מאחורי הקיר האקוסטי שביל 2.1,דו סטרי,2022.0,99.27,כביש,1640995200000.0,20/08/2025 01:08:49,99.2705920396699,"[[34.761555076518114, 32.03877080560771], [34.76160493895268, 32.038808212936885], [34.76159451648641, 32.038854319438855], [34.76160388083753, 32.03889299754], [34.76164075949067, 32.038938761509925], [34.76172460670788, 32.03908521312096], [34.76182319079807, 32.03926984568593], [34.761847231614844, 32.03933371064395], [34.76187039010033, 32.03941109759476], [34.761869976331184, 32.03944363280773], [34.76186228460971, 32.039465469910844], [34.76183859000851, 32.03949974548771], [34.7618216731534, 32.03952259195877], [34.76181595578964, 32.03954643251769], [34.76182698647516, 32.03958273748804]]"
317,2.5,מנשה בן ישראל,,2015.0,278.47,כביש,,20/08/2025 01:08:49,278.46894278971564,"[[34.77755005636171, 32.05446194665102], [34.77805929325706, 32.05678375837934]]"
318,,צומת שלמה מסילת ישרים,,2000.0,7.68,,,20/08/2025 01:08:49,7.680928014907772,"[[34.77764119947982, 32.05426298301251], [34.77771948879973, 32.054244217864635]]"
319,2.5,הוברמן מהחניון עד מרמורק,דו סטרי,2022.0,75.57,כביש,1643673600000.0,20/08/2025 01:08:49,75.57126064166124,"[[34.780201680431674, 32.07261181616909], [34.78001445564372, 32.07194923699425]]"
320,3.5,הורדצקי,דו סטרי,2021.0,387.26,כביש,1638230400000.0,20/08/2025 01:08:49,387.2586655155888,"[[34.803371044198954, 32.063184947586166], [34.80279163708396, 32.06324014946613], [34.802306962709196, 32.06325538791187], [34.801928663502395, 32.06327096323447], [34.80173950597993, 32.06328042732673], [34.80155818513529, 32.063299981832095], [34.801376761236654, 32.06334302108478], [34.801120346247735, 32.0634160170512], [34.80097435097448, 32.063465878670854], [34.80075724588617, 32.0635591296856], [34.80038197127035, 32.063782724247005], [34.7999910124257, 32.06398317458511], [34.7998369994462, 32.06406952369944], [34.79976597752027, 32.064092782310645], [34.79963985049241, 32.064115667422676], [34.79952107555206, 32.06410956168786]]"
321,,צמתים בלוי אשכול,,2021.0,9.97,,,20/08/2025 01:08:49,9.97485539058598,"[[34.789584885168594, 32.100480664202905], [34.78964203745062, 32.100497944687284]]"
322,3.5,בת ים - היינריך היינה מיגאל ידין עד גבול בת ים,,2020.0,122.62,כביש,1602892800000.0,20/08/2025 01:08:49,122.62210261292762,"[[34.759232569576426, 32.03297490341283], [34.75924825947961, 32.0328978840621], [34.759259074652384, 32.03283349975035], [34.7592690746495, 32.03279297311244], [34.75924446905616, 32.03266821838649], [34.75918824731259, 32.03256542313773], [34.75913333858213, 32.032480527651394], [34.759134920951716, 32.03244295369437], [34.7593908739239, 32.03207760067325], [34.75943145283845, 32.031961367585915]]"
323,3.0,פארק הירקון,,2000.0,490.98,,,20/08/2025 01:08:49,490.9836709800313,"[[34.803720446994795, 32.09938448157595], [34.804222318474245, 32.09907280577174], [34.804517604209444, 32.09887324426608], [34.80454780856244, 32.098697906201814], [34.80496221555958, 32.09818545721814], [34.80508155599945, 32.09782244079746], [34.80515701382543, 32.09739662984567], [34.80504203570728, 32.09675719867021], [34.80480989169192, 32.09597955977454], [34.80451625536267, 32.095521676451426]]"
324,2.0,הרב גורן מספיר פנחס עד נמיר שביל 13,,2020.0,379.23,מדרכה,1595635200000.0,20/08/2025 01:08:49,379.2317036372052,"[[34.798593308937086, 32.09045089316495], [34.7987526970762, 32.09039735232368], [34.79898668272716, 32.09032098862841], [34.79934190129846, 32.090204654507495], [34.79964626211848, 32.09010257107083], [34.79987349551315, 32.09002113955832], [34.800294114134296, 32.08985528432645], [34.80061551085651, 32.08972874952943], [34.80133365436567, 32.08944441870038], [34.80101237604912, 32.08957362680488]]"
325,2.5,מנחם בגין צד מערבי,דו סטרי,2022.0,748.75,כביש,1643673600000.0,20/08/2025 01:08:49,748.7546718598148,"[[34.78382226470222, 32.0662784811517], [34.783883126105195, 32.06629009344344], [34.78396532130558, 32.06635450139921], [34.784376169603185, 32.066705555027134], [34.78472108631868, 32.06698539113742], [34.78473711648532, 32.06703461338033], [34.785202535993555, 32.06741030063602], [34.78553925316698, 32.06765769167634], [34.78557135795513, 32.067695973223444], [34.78578041883018, 32.06786158316242], [34.786607552480255, 32.068557585591215], [34.78663420875054, 32.06861111980432], [34.786650348308356, 32.06861117300549], [34.78689604449735, 32.06884833708613], [34.78693498089271, 32.068863353889014], [34.78697393290826, 32.06887493491463], [34.787011473399765, 32.068901399819], [34.787046281305756, 32.06893701789153], [34.78705280328803, 32.06898170498718], [34.78706068584988, 32.06902296074594], [34.78706732227379, 32.06904245222793], [34.78707399510913, 32.06905392692373], [34.787129008853526, 32.06908273987472], [34.78714109278312, 32.069087360749506], [34.78712063739416, 32.06914913810076], [34.78719988149656, 32.06917344971006], [34.78726272094444, 32.06919193582515], [34.78729659467584, 32.06920125548366], [34.7873310881597, 32.06930316386461], [34.78735007894671, 32.06936385454604], [34.78739381460271, 32.069381815110795], [34.78745757355559, 32.069398185852485], [34.787514700480855, 32.06944169483156], [34.78760205048449, 32.06958681398044], [34.78787206879547, 32.06990059008535], [34.788123266375145, 32.07018301531635], [34.78815159555098, 32.070209350428215], [34.788195338419015, 32.070234727053695], [34.78822245970352, 32.07026610459432]]"
326,,1310,,2000.0,56.36,,,20/08/2025 01:08:49,56.36154444675675,"[[34.790426772374836, 32.06187197674877], [34.79047963165934, 32.06185175088291], [34.79053026279379, 32.06180284709824], [34.790555504783356, 32.06177238858309], [34.79058125548793, 32.061628931075674], [34.79058877146096, 32.061552603726234], [34.7905692114843, 32.06151589110339], [34.790580004735055, 32.06150829178465], [34.79057858318051, 32.06142582652599]]"
327,2.5,צומת יצחק שדה לינקולן גשר מעריב,דו סטרי,2022.0,167.18,כביש,1653004800000.0,20/08/2025 01:08:49,167.17663720340715,"[[34.78335628369856, 32.06583805560678], [34.783368092423004, 32.06584875308525]]"
328,2.5,בנטוב המשך,דו סטרי,2022.0,106.66,כביש,1653004800000.0,20/08/2025 01:08:49,106.6613101814223,"[[34.76831372387924, 32.04180641117825], [34.76823982729951, 32.04164524843606], [34.76821611111203, 32.04147769774845], [34.76820404350059, 32.04136432170743], [34.76819519021661, 32.04116386795009], [34.768205231434905, 32.04111379621759], [34.76820129529808, 32.04105771194588], [34.76813916336214, 32.04086900468205], [34.768140575343445, 32.04086662339816]]"
329,2.5,משה סנה מאלי תבין עד מקס ברוד,,2020.0,257.77,מדרכה,,20/08/2025 01:08:49,257.772967409329,"[[34.82713201929182, 32.12663391070997], [34.82723666629257, 32.12668794890907], [34.82731452109552, 32.12675192423426], [34.827407307296475, 32.12682778167569], [34.82745729113699, 32.126903512528], [34.827485943327, 32.12696187735034], [34.82764164905149, 32.12709073843353], [34.82778350427929, 32.12720498801973], [34.82783037122477, 32.127257943040895], [34.827875071432885, 32.12731726630393], [34.827949574211566, 32.12741583538144], [34.828185273319605, 32.12760958693394], [34.82845929932877, 32.12785171527225], [34.828546797869265, 32.127912986971175], [34.82866456497757, 32.12789967721744], [34.82874716733276, 32.12784983821227], [34.82879754082174, 32.127830864455284], [34.8288735778294, 32.12781651990098], [34.828907872608646, 32.12780387311173], [34.828975475982766, 32.12775854257325], [34.829055815457615, 32.1277387467643], [34.82914463699156, 32.12773810015334]]"
330,2.5, פנחס רוזן ממבצע קדש עד שלונסקי בשנת 2023 חודש,דו סטרי,2022.0,315.43,כביש,1658016000000.0,20/08/2025 01:08:49,315.4332660811044,"[[34.82527216940641, 32.115234087986416], [34.825264958059556, 32.11511689483601], [34.8252481142834, 32.115054256054925], [34.82523847916043, 32.114902850055266], [34.82526619738, 32.11481705610454], [34.825237372229864, 32.11434318933607], [34.82523154922842, 32.114303872129355], [34.82520026776829, 32.11421717377853], [34.82518377257516, 32.11386342642127], [34.82513910772322, 32.11349795083921], [34.82510045335631, 32.11304783096635], [34.82510820841825, 32.11269876338442], [34.825117125490266, 32.11240331488113]]"
331,2.5,שביל המימדיון,דו סטרי,2022.0,1119.39,כביש,1658016000000.0,20/08/2025 01:08:49,1119.388816013773,"[[34.81444657203089, 32.10700705160922], [34.81485227714433, 32.10731895423949], [34.81489245682721, 32.10736297941832], [34.8149562761927, 32.107385222514615], [34.81503251386187, 32.107387747449295], [34.81519496300096, 32.107367631955356], [34.81533963706099, 32.10730852256976], [34.81571037536347, 32.10703479587084], [34.81577435880789, 32.106965512372454], [34.815828974419894, 32.10695796877927], [34.815937068785445, 32.106851790515215], [34.81597097849372, 32.10678775864977], [34.815948845473265, 32.106709270623845], [34.8159559618068, 32.10664325110959], [34.8159756647213, 32.106634307210676], [34.81676154390977, 32.106296569618145], [34.81725199568013, 32.106136587036765], [34.81763592313706, 32.10603010486952], [34.81791334555022, 32.10597254308166], [34.81825141324535, 32.10589225934205], [34.81878469050039, 32.10578622892785], [34.81897048676172, 32.10575930804316], [34.819032394776414, 32.10575606061901], [34.81907012292638, 32.10574815853313], [34.81914561123611, 32.1057105943403], [34.819222358303676, 32.10569822981773], [34.81972495145672, 32.1056929442827], [34.81982355174136, 32.105687250442664], [34.81989734366868, 32.10572043654759], [34.82037606104455, 32.10573986873553], [34.82075530010344, 32.10573532866455], [34.82093681509187, 32.105766800577044], [34.821068633381245, 32.105777507010714], [34.82233389577206, 32.10598976881488], [34.82243890804486, 32.10597519706822], [34.8229799074644, 32.10607136793379], [34.82307479953034, 32.106110609902316], [34.82352657261847, 32.10618576689513], [34.82461590065753, 32.106320743807444], [34.825079803767174, 32.10639543114897], [34.82531202044853, 32.10640059836118], [34.82525638561199, 32.10639584173998]]"
332,2.5,צומת לוי אשכול מארק שאגאל,דו,2022.0,56.13,כביש,1658016000000.0,20/08/2025 01:08:49,56.13141807751978,"[[34.79022472979039, 32.11708958709291], [34.790173736015426, 32.11688204728876], [34.79051664442269, 32.116845215193635]]"
333,2.5,הרצל מדרך יפו עד אחד העם,דו סטרי,2022.0,409.0,כביש,1661385600000.0,20/08/2025 01:08:49,408.9950195753259,"[[34.7705354684779, 32.0601284408916], [34.77027725544832, 32.06134601955427], [34.770201773697124, 32.06166643820341], [34.77006788896048, 32.06225006931671], [34.76989906575456, 32.062993441522046], [34.76976921292879, 32.06353562624781], [34.76972594509291, 32.06357815593601], [34.76968514978526, 32.06373714481196]]"
334,2.5,יהודה הלוי מאלנבי עד נחלת בנימין ,,2021.0,117.77,כביש,1635724800000.0,20/08/2025 01:08:49,117.77388779202822,"[[34.77244336165857, 32.06146646386403], [34.77246212001765, 32.06147638705473], [34.773161900533445, 32.061764325093236], [34.77358051527846, 32.061899980923975]]"
335,2.5,צומת בן צבי הרצל,דו סטרי,2022.0,120.02,כביש,1661904000000.0,20/08/2025 01:08:49,120.01634162968222,"[[34.768489406205184, 32.04499366719415], [34.76825379832864, 32.045219188561056], [34.768237998970655, 32.045283568118116], [34.768245156650394, 32.045350915990134], [34.7682710393869, 32.04547417442183], [34.76835917795496, 32.04554656679812], [34.768630976301374, 32.045894021894966]]"
336,2.5,דבורה הנביאה מדיסנצ'יק עד פנחס רוזן,דו סטרי,2022.0,193.71,כביש,1658707200000.0,20/08/2025 01:08:49,193.7066145531116,"[[34.82707607991812, 32.118952740237255], [34.826860124904805, 32.11895021903957], [34.82680726867791, 32.11893297623864], [34.82680703905436, 32.11875376942788], [34.82671406231026, 32.118758947939824], [34.82565164186958, 32.118718947618376], [34.82555556119869, 32.1186995649269], [34.825399015947646, 32.11871286131172], [34.825242372842425, 32.1187095761081]]"
337,2.5,קפריסין מבני אפריים עד מגדל שרשן,,2022.0,322.51,כביש,1663200000000.0,20/08/2025 01:08:49,322.50702879383635,"[[34.816976071229426, 32.11567053643304], [34.816972398655615, 32.11569187042462], [34.81694608050329, 32.115698674122925], [34.816849764208, 32.11571593803131], [34.81680020026253, 32.115743182534715], [34.81671099999777, 32.1157559546886], [34.81656113118345, 32.11579998078312], [34.81635179566026, 32.115869881535524], [34.81621532539804, 32.11591957179971], [34.81608599652705, 32.11597579289081], [34.81602886926387, 32.11597866753464], [34.815993026770464, 32.11598160743824], [34.81594653037524, 32.11599423858694], [34.815551665091434, 32.11629027090809], [34.81547540739457, 32.11637643302648], [34.81542245335761, 32.11641759462348], [34.81537742125803, 32.11647913650079], [34.81534168628986, 32.1165308675623], [34.81527336450205, 32.1165516114851]]"
338,2.5,ברודצקי,דו סטרי,2022.0,341.43,כביש,1664064000000.0,20/08/2025 01:08:49,341.4332418101871,"[[34.79763745947454, 32.11271220432755], [34.79770237544125, 32.1123696304697], [34.797740004653875, 32.11227511904188], [34.797769801733246, 32.11213014750099], [34.79782982951553, 32.111775767025456], [34.79783511590142, 32.11174724074068], [34.79777054792968, 32.11159965944599], [34.79780185433915, 32.11147649424937], [34.7978557076719, 32.1114699858229], [34.797923152240145, 32.111432981190326], [34.797958197377945, 32.1113691499882], [34.797969714712956, 32.111300471031804], [34.79798713073716, 32.111165957344305], [34.798077403685326, 32.110734481052795], [34.79809525129908, 32.11065436973248], [34.798105448971604, 32.11051806445723], [34.79814240077776, 32.11033842681614], [34.7981794562083, 32.11025834733324], [34.79819317083296, 32.110116408155065], [34.798181248295975, 32.11007399508859], [34.79813979418546, 32.11001545357403], [34.79807802976127, 32.10998547852456], [34.79793283998613, 32.109955235722055], [34.79786483580477, 32.10995666410441]]"
339,2.5,אורי צבי גרינברג משושנה פרסיץ עד יאיר רוזנבלום,דו סטרי,2022.0,335.27,כביש,1664064000000.0,20/08/2025 01:08:49,335.270275188544,"[[34.7937220548411, 32.131397835897], [34.79372949506799, 32.131362677961334], [34.7937346309341, 32.1313451198177], [34.79375430561127, 32.13133468600772], [34.7937812403911, 32.131330955231725], [34.79382109476833, 32.1313224950286], [34.7938558694863, 32.13132117667555], [34.79395076587754, 32.13129380691912], [34.79414114364815, 32.131233820723665], [34.79447645097654, 32.13111894868339], [34.79454887253692, 32.131089452347666], [34.794661132460455, 32.131042458704435], [34.79474255686003, 32.131003415383866], [34.79479282802074, 32.130973473893796], [34.79491321318242, 32.130889400738965], [34.79498868799098, 32.13081567987273], [34.79509064421884, 32.130714367121236], [34.79518112659374, 32.13055955512098], [34.79524502551405, 32.13042616461506], [34.7952852515307, 32.13020869398118], [34.795288044424424, 32.13008558736741], [34.795277866865376, 32.129978662778434], [34.7952382832265, 32.12980101927815], [34.79517668590169, 32.1295297745899], [34.79511399543965, 32.12925232207464], [34.795102480735444, 32.12919359062763], [34.795106697087945, 32.12913409212034]]"
340,2.0,ויצמן מבני דן עד פנקס גדה מערבית,,2018.0,484.11,,,20/08/2025 01:08:49,484.1130409584264,"[[34.79047910483041, 32.09122187507898], [34.79041547916511, 32.09362831583422]]"
341,1.8,צומת יהודה המכבי ויצמן,דו סטרי,2022.0,153.79,כביש,1666224000000.0,20/08/2025 01:08:49,153.79496984561723,"[[34.7904064330431, 32.09397044726009], [34.790404274824226, 32.09393576023037], [34.790386254278125, 32.09390010334269], [34.79036330846553, 32.09388145516926], [34.7903415616181, 32.0938659067412], [34.79034442046229, 32.09376944123491], [34.79036203514265, 32.093760728038184], [34.79039057727105, 32.09374792397981], [34.790411361177895, 32.09370826643296], [34.790413334835996, 32.093673707431535], [34.79041547916511, 32.09362831583422]]"
342,3.5,מנחם בגין מלינקולן עד מזאה,,2022.0,216.5,כביש,1665360000000.0,20/08/2025 01:08:49,216.4970378664243,"[[34.78271811641354, 32.06525401373003], [34.78265948432159, 32.06515255760212], [34.78235578141999, 32.06492199793778], [34.78203390206693, 32.06471708158277], [34.78201149771931, 32.06470837138255], [34.78198609085586, 32.06470294450686], [34.78194779071073, 32.06470281685266], [34.781906835537846, 32.06468520816454]]"
343,2.5,מנחם בגין מחשמונאים עד יצחק שדה,,2022.0,600.35,כביש,1665360000000.0,20/08/2025 01:08:49,600.3483504239279,"[[34.78407977659789, 32.06620630220974], [34.78471406910435, 32.066744945447624]]"
344,2.5,ישראל טל,,2022.0,351.39,כביש,1665792000000.0,20/08/2025 01:08:49,351.3859611203466,"[[34.78555279228553, 32.063382972413926], [34.78536890594537, 32.06346229565227], [34.785338541137314, 32.06349564084267], [34.78526240563919, 32.063518612885424], [34.785157647671724, 32.0635379200233], [34.785087614189706, 32.063559448539415], [34.784294566910255, 32.06375495555046], [34.78375198747406, 32.06388142654083], [34.78311506442428, 32.06405110201445], [34.78264514818346, 32.06416864756488], [34.78244444298686, 32.06423669680726], [34.7822517637546, 32.0643139337425], [34.7821085045411, 32.064465777781194]]"
345,2.5,שד' יהודית,דו סטרי,2022.0,396.29,כביש,1664582400000.0,20/08/2025 01:08:49,396.2918255454898,"[[34.791214690384635, 32.06989342513164], [34.79030872492985, 32.0700216018407]]"
346,2.5,1364,דו סטרי,2022.0,273.78,כביש,1664582400000.0,20/08/2025 01:08:49,273.78128266633706,"[[34.793253542412955, 32.07615053262385], [34.793307393230734, 32.07614001843608], [34.79334506898361, 32.07613708629828], [34.79336833543026, 32.07614785066762], [34.793432413995774, 32.07625647782283], [34.793599543121786, 32.07658227769808], [34.7936939336487, 32.07673070601856], [34.79372238264909, 32.07678577124325], [34.79383646092104, 32.0769434245277], [34.79397200535732, 32.07711336466591], [34.79431785731058, 32.077580229216686], [34.79476234646426, 32.078048938443324], [34.79484083633884, 32.07814386730151]]"
347,2.5,מידטאון,דו סטרי,2022.0,74.14,כביש,1662768000000.0,20/08/2025 01:08:49,74.14310087645542,"[[34.79338855487593, 32.07711566236436], [34.79384248963184, 32.07697397410633]]"
348,2.5,חיבור רחוב שיטרית למימדיון,דו סטרי,2022.0,285.66,כביש,1660089600000.0,20/08/2025 01:08:49,285.65590842351526,"[[34.8202102908151, 32.10570922833388], [34.82025281438608, 32.10557217047739], [34.82031627633216, 32.105412025459614], [34.82039301632006, 32.10529391321319], [34.820512452998486, 32.10515493405891], [34.820595737464025, 32.10508074405243], [34.82067004344544, 32.10500843586848], [34.82072186009896, 32.10495132855127], [34.82075797190529, 32.104896083625725], [34.82078742000856, 32.10482554766734], [34.82080570274852, 32.104743525207525], [34.820794977355085, 32.10462705685422], [34.82076627943119, 32.10451816948276], [34.82070622698984, 32.104399643524374], [34.82061260128573, 32.10426574497009], [34.8205456381247, 32.10419109872905], [34.82046988846322, 32.10407252508188], [34.8203763832508, 32.10390999501427], [34.820225028860655, 32.103638488059225], [34.820162726871445, 32.10352186409035], [34.82013592916876, 32.103495059271296], [34.8200469031313, 32.10347399396985]]"
349,2.5,פרייגרזון צבי,דו סטרי,2022.0,227.1,כביש,1664323200000.0,20/08/2025 01:08:49,227.0988880561989,"[[34.77088270353837, 32.041436884786116], [34.77085768361697, 32.04139623752445], [34.7706726036185, 32.04084443902499], [34.77061132735244, 32.040770263492746], [34.770555630272916, 32.0407008793057], [34.770463473157854, 32.04064091398762], [34.7703401334871, 32.04057898236216], [34.770256593194986, 32.04055431007947], [34.770164122133274, 32.04056115095067], [34.77013040381963, 32.04055941314573], [34.77005910916942, 32.040566040599415], [34.769940680590615, 32.04058854038506]]"
350,1.5,ישעיהו לייבוביץ,חד סטיר,2018.0,354.11,כביש,1533859200000.0,20/08/2025 01:08:49,354.1121774357853,"[[34.79798387094885, 32.043782816581206], [34.79764874569041, 32.04293433391852]]"
351,1.5,משה דיין גדה מזרחית,,2014.0,1061.4,,,20/08/2025 01:08:49,1061.3979734252327,"[[34.799203786064794, 32.04726790042028], [34.79924433737183, 32.04747281094043], [34.79926390347271, 32.04760199577049], [34.79934487796359, 32.04804107048267], [34.79945373235158, 32.048604312729935], [34.79956818775619, 32.04922825074327], [34.799650516573685, 32.04964195935766], [34.79965757002626, 32.049654086637965]]"
352,,"מח""ל",,2019.0,15.74,,,20/08/2025 01:08:49,15.74271520869438,"[[34.79971774060962, 32.05002179885412], [34.79968729470661, 32.04988305828023], [34.79968634221937, 32.04988319501738]]"
353,2.5,רחוב 2040 מיוניצמן  עד פרופס,,2020.0,798.51,כביש,,20/08/2025 01:08:49,798.5107793307574,"[[34.79153672961798, 32.132147632150705], [34.79160980142708, 32.132286419976246], [34.79166625985188, 32.13231140301449], [34.791710977654304, 32.13244123203248], [34.79230414164635, 32.13353541234771], [34.792594518796385, 32.13416228111917], [34.79271262332174, 32.134434220124255], [34.79283584180996, 32.134826830211814], [34.792989729250294, 32.13530204279138], [34.79309753287335, 32.135814156870985], [34.79313909547588, 32.13615905320953], [34.79322846472053, 32.13659000475129], [34.7932674871977, 32.13675853527908], [34.793278600898795, 32.13721160752998], [34.79331987244695, 32.13753613790227], [34.79338393044267, 32.137909681818805], [34.793534440205704, 32.13842752683687], [34.79371645647225, 32.13888255219304], [34.79373742438981, 32.13894078500175], [34.7937732193826, 32.13901777602758]]"
354,,2040,,2023.0,467.6,,,20/08/2025 01:08:49,467.59717956391273,"[[34.79153672961798, 32.132147632150705], [34.791514873502614, 32.13210324377392], [34.79148013888078, 32.132076297108284], [34.79142472069178, 32.13200253195971], [34.79122293090369, 32.13169554142874], [34.79076797877959, 32.13099919063892], [34.79068568688356, 32.13084497788528], [34.790254660437434, 32.12999758387835], [34.79005727049685, 32.1296043108229], [34.78967367147505, 32.128915251310964], [34.789607718617816, 32.12881899649598], [34.78956317458345, 32.128759533212516], [34.78955036387608, 32.12865639063416], [34.789496029021116, 32.12856017472834], [34.78942355253949, 32.12843847723309], [34.78939236377561, 32.12836210868952]]"
355,2.3,ארצי ישראל,,2017.0,337.93,,,20/08/2025 01:08:49,337.9323317304504,"[[34.78704445425445, 32.123648477624066], [34.786401976714195, 32.12381852636041], [34.78632367184747, 32.12383616277893], [34.78627737201576, 32.123844599360325], [34.78622437921852, 32.12384514036715], [34.78616805684509, 32.12383779599906], [34.78610924513242, 32.1238232859436], [34.78606726105876, 32.123807400332325], [34.78599931725156, 32.123766375637345], [34.78595240470673, 32.123724704398036], [34.7859197716756, 32.12368737552171], [34.78588216011203, 32.123634998387494], [34.78585798994151, 32.12358624484428], [34.78565051556427, 32.12310575343776], [34.785624054420204, 32.123067490809966], [34.7855988764137, 32.1230554778675], [34.78557364831575, 32.123054201364084], [34.785350418397, 32.12312742778456], [34.78510892052586, 32.123210136868856], [34.78502028264985, 32.12328022915687], [34.784963941407504, 32.12333849870617], [34.78477871310965, 32.12337844710574], [34.784166288379176, 32.123337046932924]]"
356,,ארצי יצתק,,2016.0,498.92,כביש,,20/08/2025 01:08:49,498.919657493953,"[[34.78225788171717, 32.119318707043966], [34.7822966368138, 32.11956521293977], [34.78231079929744, 32.119711294686], [34.782316362001595, 32.11995772328081], [34.78235151021573, 32.12011817722244], [34.78254904677806, 32.12047310400741], [34.782915620421605, 32.12113857886932], [34.782922649926746, 32.12117066962055], [34.78285230681851, 32.12124984002712], [34.782857458119146, 32.12130024872943], [34.78290017771762, 32.1213752153632], [34.782997728968446, 32.12162291676192], [34.78311890718613, 32.121805035275244], [34.78320455179943, 32.12191068524475], [34.78324202223275, 32.12195662038086], [34.78325615172631, 32.122005531307295], [34.783409882334475, 32.122132785205615], [34.78344127761958, 32.12216332200415], [34.783572169673086, 32.1224042234305], [34.78405043924607, 32.12331377247135], [34.7840677943195, 32.12333602021891], [34.784166288379176, 32.123337046932924]]"
357,,דרך הלשום יגאל אלון עד משה דיין,,2016.0,468.33,,,20/08/2025 01:08:49,468.3301896619988,"[[34.79950086765878, 32.07102616056078], [34.79752193793048, 32.07163682674279], [34.796928691473425, 32.07184721537956], [34.79638304294874, 32.07202345853035], [34.796326732334485, 32.0720416466639], [34.79510592937511, 32.07242635104122], [34.79499391307354, 32.072510705979205], [34.794919082294165, 32.072587677189574]]"
358,,שדרות ירושלים מנחל הבשור עד הלר ,,2021.0,365.48,כביש,,20/08/2025 01:08:49,365.4778036971415,"[[34.75481100635704, 32.036072374624624], [34.75478708254735, 32.03613002072805], [34.75478359311551, 32.03617119680899], [34.75503167038475, 32.03639403338608], [34.75502684303368, 32.03641415509994], [34.75500978732716, 32.03644374467799], [34.75503132939367, 32.03648422581633], [34.7551392413271, 32.03663607950494], [34.75523133444896, 32.03682033977692], [34.7554030660251, 32.03734340209652], [34.755615632706935, 32.03784743298279], [34.75574217342253, 32.03807880535013], [34.75583704223138, 32.03834094470531], [34.755961901254075, 32.038665844742965], [34.75608607221144, 32.03898894945115], [34.75612211421222, 32.03903204004346], [34.75613783661096, 32.0390401504316], [34.756099399022716, 32.03908043465009]]"
359,,שדרות ירושלים,,2021.0,966.64,,,20/08/2025 01:08:49,966.6399892888438,"[[34.74961475585285, 32.02932213523311], [34.749938682740996, 32.029151445407976]]"
360,2.5,שדרות ירושלים,,2021.0,382.65,כביש,,20/08/2025 01:08:49,382.6506459127512,"[[34.75481265378761, 32.036057611815764], [34.75478588833275, 32.03614411060286], [34.75503176873777, 32.03637389581507], [34.75502053816857, 32.036425093137346], [34.75503701000378, 32.03646714526388], [34.75504538443607, 32.03649980448422], [34.7550968023, 32.036587529053705], [34.7551392413271, 32.03663607950494], [34.755244335387935, 32.03685993842878], [34.755323941475574, 32.03710240384964], [34.7554373937158, 32.03743235286107], [34.75560558820902, 32.037802444005564], [34.75574217342253, 32.03807880535013], [34.755795788221455, 32.03822695384612], [34.75582706508006, 32.038313377703794], [34.7558570842888, 32.03839632340175], [34.75595074647112, 32.03863681719352]]"
361,,צומת רמז פנקס ברנדיס,דו סטרי,2022.0,282.83,כביש,1669852800000.0,20/08/2025 01:08:49,282.82783728472896,"[[34.78600968660416, 32.09082282690926], [34.78624583144887, 32.090829392428375], [34.78648131982798, 32.09082496256996]]"
362,2.5,מנחם בגין מישראל טל עד הרכבת מסלול מזרחי,,2022.0,399.92,כביש,,20/08/2025 01:08:49,399.9216344424312,"[[34.77954330388794, 32.063167030881274], [34.77970200214803, 32.06318955649059], [34.779844485192854, 32.063262103964746], [34.78015981451767, 32.063418562518876], [34.7801953834651, 32.063447959972905], [34.780257176659084, 32.06352586767148], [34.78029404128792, 32.06356090020783], [34.780610689873356, 32.06371848748998], [34.78085882313795, 32.063862504870905], [34.78132536508816, 32.06412822427556], [34.7815050451527, 32.06420344611015], [34.781672687533685, 32.06426931927011], [34.781784950553096, 32.064300098387555], [34.781869562129515, 32.06430488492777]]"
363,2.5,מנחם בגין מישאל טל עד הרכבת מסלול מערבי,חד סטרי,2022.0,163.8,כביש,1667260800000.0,20/08/2025 01:08:49,163.8003500625441,"[[34.781906835537846, 32.06468520816454], [34.78182702002988, 32.064641447866606], [34.78164373597452, 32.06452597391255], [34.78161734497119, 32.06451349890072], [34.78156318439371, 32.06450093124243], [34.781303321678834, 32.06435930099746], [34.78125603165072, 32.06429045110997], [34.78115712294879, 32.064231564054495], [34.780686139922636, 32.063978172883424], [34.78066334536052, 32.063963208132165], [34.78066814489036, 32.063943181905046], [34.78077081796615, 32.063804416863434]]"
364,3.5,מנחם בגין מישראל טל עד יצחק שדה  ,חד סטרי,2022.0,200.18,כביש,1667260800000.0,20/08/2025 01:08:49,200.18103000087237,"[[34.783630722513415, 32.0657153217678], [34.783161640037115, 32.06529689426576], [34.78286135814862, 32.065046002807684], [34.782514770772956, 32.06480717936455], [34.782203874332005, 32.064566985916954], [34.78214780192841, 32.06449223284781], [34.7821085045411, 32.064465777781194]]"
365,3.5,מנחם בגין מנמיר עד מוזס,דו סטרי,2022.0,147.01,כביש,1667260800000.0,20/08/2025 01:08:49,147.01078515884493,"[[34.791968010350985, 32.076921285287426], [34.79206109978496, 32.07707024893761], [34.79212398675411, 32.07712747453241], [34.79216111301093, 32.07716873129234], [34.79219815629098, 32.07722872332434], [34.79235541797951, 32.07746831508998], [34.792472745711805, 32.077652791209594], [34.79247818850355, 32.07771919764939], [34.79249226308833, 32.077757320507054], [34.792609703739835, 32.0779403765454], [34.79270284163143, 32.07807875107158]]"
366,2.5,שאול המלך מאבן גבירול עד  נמיר,,2004.0,282.71,,,20/08/2025 01:08:49,282.7130759363628,"[[34.78283630330943, 32.07542841842455], [34.78185294827041, 32.075366929222795]]"
367,2.0,רוקח משיטרית עד אייזיק רמבה,,2000.0,20.18,,,20/08/2025 01:08:49,20.18367574544299,"[[34.81502280182295, 32.10763134204348], [34.81516420110205, 32.107767884903126]]"
368,2.5,זלצמן פנינה,דו סטרי,2022.0,276.43,כביש,1659312000000.0,20/08/2025 01:08:49,276.42870529484753,"[[34.799195609470935, 32.141856882852565], [34.79923289887367, 32.1419680112665], [34.7992481178556, 32.142001564693025], [34.799312785380145, 32.1421472286839], [34.79937977092778, 32.14220301158833], [34.79946803329105, 32.142225357813246], [34.799536217546766, 32.142227209945474]]"
369,2.5,דרך בגין צד מזרח מגבעת התחמושת עד שפע טך,דו סטרי,2022.0,142.1,כביש,1670630400000.0,20/08/2025 01:08:49,142.10258221924232,"[[34.790094155951856, 32.07185988289925], [34.790374931884465, 32.072431910638336], [34.79055771590237, 32.0728616040519], [34.790642937979804, 32.07305276125754]]"
370,2.5,תל גיבורים מבן צבי עד פרייגרזון,דו סטרי,2022.0,251.51,כביש,1671494400000.0,20/08/2025 01:08:49,251.5098317243228,"[[34.769940680590615, 32.04058854038506], [34.76990537039598, 32.040599935277825], [34.76987407829362, 32.04061755006548], [34.76984083790708, 32.04065628084902], [34.76982685234029, 32.04070489002072], [34.76981872111474, 32.0407746428385], [34.769887485201224, 32.041082797277575], [34.769981927418115, 32.04146082123018], [34.770061446917786, 32.04169480211737], [34.77019010736345, 32.04198654780764], [34.77026878667357, 32.04212305457188], [34.7703822891268, 32.0423206001569], [34.77062119189554, 32.04267474977793]]"
371,2.5,צומת הלסינקי זבוטינסקי,חד סטרי,2022.0,133.5,כביש,1671926400000.0,20/08/2025 01:08:49,133.4979112664569,"[[34.792761171409495, 32.086092766285184], [34.79281185756699, 32.08631059889472]]"
372,1.2,שיטרית מפנחס רוזן עד בני אפריים,,2000.0,234.25,,,20/08/2025 01:08:49,234.2496265548728,"[[34.8273115209776, 32.10655792297759], [34.82736945038949, 32.10669790469677], [34.82736673297359, 32.106813378389255], [34.82734856939054, 32.106867724541964], [34.827305238345836, 32.106891233144495], [34.827234181468675, 32.106916316651564], [34.82716040772761, 32.10692446550834], [34.82674768733994, 32.10686465554234], [34.82596170722009, 32.10671585047735], [34.825298524370616, 32.10659251387242]]"
373,3.5,משה סנה מתבין צפונה,דו סטרי,2022.0,167.69,כביש,,20/08/2025 01:08:49,167.68807469444607,"[[34.82878231256881, 32.128353343787964], [34.82887248449795, 32.12843737156299], [34.8289171778016, 32.12847901949065], [34.829027617668345, 32.12855367281116], [34.829057325194114, 32.128575948348406], [34.829103418466744, 32.12868337368701], [34.82911634017226, 32.12871876187213], [34.82932958758171, 32.128947614253725], [34.82987850975687, 32.12952771478742]]"
374,2.5,היכל תלמוד,דו סטרי,2022.0,35.12,כביש,,20/08/2025 01:08:49,35.115079830846405,"[[34.768978817723195, 32.06099113216722], [34.76892194342951, 32.06130406779663]]"
375,2.5,מנחם בגין צד מערב מלובה אליאב עד קפלן,דו סטרי,2022.0,241.8,כביש,1671494400000.0,20/08/2025 01:08:49,241.8012724864612,"[[34.78885839025381, 32.07096412720613], [34.78897894562577, 32.071085364874435], [34.78913136430569, 32.07127437979064], [34.78920463003495, 32.07139224018124], [34.789298713414546, 32.071561378606305], [34.78939395963806, 32.07182485780501], [34.789402629290294, 32.07189074023106], [34.78945424665481, 32.07201692252486], [34.78954227402576, 32.07224146036182], [34.78965654589902, 32.07250238373122], [34.789675461797025, 32.07253298651828], [34.789724461410295, 32.07260176848384], [34.789758948466854, 32.07266114869148], [34.789878731365256, 32.07294308713027]]"
376,2.5,אלנבי מהירקון עד הרברט סמואל,דו סטרי,2022.0,116.57,כביש,1671235200000.0,20/08/2025 01:08:49,116.57199925997834,"[[34.76612075403036, 32.07349565368717], [34.765617017070745, 32.073640178604954], [34.76554707417403, 32.073671667599626], [34.76549428532224, 32.07370961505276], [34.76545779431052, 32.07374613730013], [34.765414440230295, 32.073811267511154], [34.765388720379754, 32.07384553651007], [34.76533069773616, 32.07388427556641], [34.765218824290855, 32.073933134504685], [34.76506260281088, 32.073973822710464]]"
377,2.5,גשר יצחק שדה מנירים עד טברסקי,דו סטרי,2023.0,171.44,כביש,1678147200000.0,20/08/2025 01:08:49,171.44011139038588,"[[34.78913852250998, 32.06474825874704], [34.79048401793017, 32.06450353601293], [34.79053139295265, 32.06449793008606], [34.790599202761335, 32.06446071097761], [34.79076165875157, 32.06443532112088], [34.7908413316003, 32.06439237996266], [34.79089146228107, 32.06438154349222]]"
378,2.5,נחום גולדמן השלמת רצף צ'ארלס קלור,דו סטרי,2023.0,176.73,כביש,1678147200000.0,20/08/2025 01:08:49,176.7344542852479,"[[34.75818760248383, 32.05792491846065], [34.758564744076935, 32.058199201792135], [34.75858556174604, 32.05822423924239], [34.758593669592365, 32.05827954743655], [34.7585977278484, 32.058306308777226], [34.75871417182545, 32.05847433832457], [34.758820613535356, 32.058546040456875], [34.75891203508575, 32.058692583301855], [34.758984742165566, 32.05881231325203], [34.7590847302645, 32.058919655539036], [34.75918688978796, 32.059010957134255], [34.759303021524126, 32.059089037884064], [34.759319081721465, 32.05910512808896], [34.75933938664263, 32.05913707672905]]"
379,2.5,מנחם בגין מגבעת התחמושת עד גשר הול,דו סטרי,2023.0,168.06,כביש,1678924800000.0,20/08/2025 01:08:49,168.06398737999166,"[[34.7914947797771, 32.075298251081705], [34.791445082281456, 32.075199624654296], [34.791383451941385, 32.07507058076456], [34.79137687467898, 32.07503763232273], [34.79126380654782, 32.07475667133945], [34.79116234139111, 32.07451297031018], [34.79091110428448, 32.07392519820875], [34.7909079865153, 32.07387078763407]]"
380,2.5,גבעת התחמושת מבגין עד ירידה לאיילון צד צפון,,2023.0,189.72,כביש,1678924800000.0,20/08/2025 01:08:49,189.72285750539825,"[[34.79097886936785, 32.07372268367999], [34.790913619242374, 32.07369137711798]]"
381,205.0,גבעת התחמושת צד מזרח,,2023.0,256.99,כביש,1678924800000.0,20/08/2025 01:08:49,256.98676177456963,"[[34.79191436907436, 32.07308271980306], [34.79193641271241, 32.07304127499774], [34.7919708603826, 32.07302838782671]]"
382,2.5,דרך השרות המזרחית,דט סטרי,2022.0,163.79,כביש,1668038400000.0,20/08/2025 01:08:49,163.7909530432954,"[[34.7953392912995, 32.08025635151609], [34.7953412310317, 32.08042322192037], [34.79536867181225, 32.08054390300173], [34.79541713664102, 32.08065571882573], [34.795500526780074, 32.080778069304536], [34.79556494002008, 32.08084229507969], [34.79566248566714, 32.08092747163096], [34.79576016291466, 32.08098287149463], [34.79586312714132, 32.08102935612049], [34.795985371298116, 32.081065481747736], [34.79614263465603, 32.081091298132286], [34.796279041607235, 32.0810887598627], [34.796425991485755, 32.08107434547958], [34.796464521151975, 32.08106106986447]]"
383,2.5,טיילת איילון,דו סטרי,2023.0,345.26,כביש,1686355200000.0,20/08/2025 01:08:49,345.25830401887544,"[[34.796947459373584, 32.08059663112813], [34.79695823544608, 32.08053264784776], [34.79694457066905, 32.0804596528621], [34.796859621766565, 32.080294123399085], [34.79676770490288, 32.08012261605181], [34.796601021767266, 32.07985558510183], [34.79647940707489, 32.07967802745008], [34.79642029183225, 32.079601908369646], [34.79627595847152, 32.07942129966403], [34.796091620470634, 32.0791929195186], [34.79593844582933, 32.07903461381646], [34.79560083663592, 32.07867025863286], [34.795428444017006, 32.07850891260314], [34.79532562868442, 32.07842967515254], [34.79521745593354, 32.07837572900576], [34.795093593054894, 32.07831131102106], [34.795013304831826, 32.07827829780068], [34.79497494202791, 32.078254353115874], [34.79484083633884, 32.07814386730151]]"
384,2.0,לוי אשכול ממאיר יערי עד רוקח,,2011.0,102.08,,,20/08/2025 01:08:49,102.0819725829399,"[[34.78957258870289, 32.0991856210993], [34.78953599931292, 32.0992189051885], [34.78954685484579, 32.09929767739437], [34.78955206437079, 32.09934726197016], [34.78955297429726, 32.09938478461661], [34.789445404505216, 32.09989061318382]]"
385,205.0,פנחס רוזן ,,2023.0,151.97,כביש,1684281600000.0,20/08/2025 01:08:49,151.96890664326426,"[[34.82528578323223, 32.11578108894715], [34.82532726336166, 32.11580995930266]]"
386,,גן מאיר,,2010.0,159.11,מדרכה,,20/08/2025 01:08:49,159.1115334836211,"[[34.77373536376975, 32.072247062365776], [34.77358229373115, 32.0723820663926], [34.7734697696808, 32.07247521455121], [34.773096142524366, 32.072794619276884], [34.772756307757206, 32.07307787167726], [34.77254471637016, 32.073262303160774]]"
387,3.0,רוטשילד מיהושע התלמי עד מרמורק,,2000.0,1567.33,מדרכה,,20/08/2025 01:08:49,1567.3285996512195,"[[34.77119372542199, 32.06303977388896], [34.770149121709345, 32.06291053130195], [34.7698774042291, 32.06289155707124], [34.76881614345407, 32.06276384618097]]"
388,2.0,ראול וולנברג  ממשמר הירדן עד דבורה הנביאה,,2000.0,144.69,,,20/08/2025 01:08:49,144.68537738010178,"[[34.83038201250309, 32.107030195595286], [34.83039880742197, 32.10703931264771], [34.830625523132596, 32.10715553225539], [34.83069288410549, 32.10709082950312], [34.83078458129644, 32.107044369491], [34.83109610811151, 32.106944035562705], [34.831328005468514, 32.10692395072451], [34.831428729378025, 32.10690606737356], [34.83165140946362, 32.10690413480313], [34.83179967004544, 32.10690666770748]]"
389,2.0,בני אפרים רומנו עד שטרית,,2004.0,465.35,מדרכה,,20/08/2025 01:08:49,465.3472195132853,"[[34.8162151912085, 32.10776755298857], [34.815386810918476, 32.10770583977957], [34.81522407148501, 32.10774830266101], [34.81512954075893, 32.10782882110847], [34.8151256241189, 32.10786245917887], [34.81513334416268, 32.1078838056139], [34.815184189228574, 32.10795153353126], [34.815235855970776, 32.10801439972429], [34.81531864669512, 32.108127218502666], [34.81541919669178, 32.10825259952885], [34.81550702402512, 32.10833283863272], [34.815600006479634, 32.10842746434639], [34.81566915568954, 32.108510811261446], [34.81576411776992, 32.10864117615847], [34.81579031164575, 32.10876806553251], [34.81585093487986, 32.10888856767863], [34.81596102415968, 32.10905473460292], [34.81610512294766, 32.10930881249777], [34.816196014069334, 32.10949768139918], [34.816286878019035, 32.10969306103469], [34.81637010648578, 32.109885161763806], [34.81644193699973, 32.11006422378262], [34.816521224997004, 32.11028883069157], [34.816615767205626, 32.110516739696386], [34.81664582565487, 32.110637147847434], [34.816668377592066, 32.110738460261786]]"
390,3.5,פארק הירקון,,2004.0,373.67,,,20/08/2025 01:08:49,373.6656251820373,"[[34.80919338333873, 32.09919920723253], [34.809048585935315, 32.09980452016253], [34.80822613522651, 32.10246588845361]]"
391,2.5,גיתית,דו סטרי,2010.0,66.81,כביש,,20/08/2025 01:08:49,66.80772768030674,"[[34.775526697884395, 32.04129501678498], [34.77513462609267, 32.04079358473183]]"
392,1.2,ישראל גורי מאלכסנדר זייד עד גיתית,,2000.0,926.17,,,20/08/2025 01:08:49,926.1683477000156,"[[34.78073017959456, 32.04465216764065], [34.780748074856284, 32.04438276287583], [34.78074513879027, 32.04411683253492], [34.780672138854435, 32.043698211019915], [34.78055115746301, 32.04330246984592], [34.78052445568512, 32.043224375530265], [34.78049974161851, 32.043167561138944], [34.780301498820506, 32.04282829313577], [34.78009885135234, 32.042542197797886], [34.77975501653739, 32.04217940081898], [34.77970320383585, 32.042133127641], [34.779558037331654, 32.04201918678371], [34.779302964846444, 32.04181800764022], [34.7788461877465, 32.04157713961091], [34.77835386667083, 32.04137161801496], [34.778297768815555, 32.04135015621533], [34.77802340545616, 32.04127122882467], [34.77789031362224, 32.041245963863], [34.7777364100248, 32.04122239624474], [34.77762700773851, 32.041200466192706], [34.777179461846295, 32.041164285081216], [34.77669462135533, 32.04119102091257], [34.77626871557285, 32.0412778239092], [34.77616496350463, 32.041308991184636], [34.77579811705516, 32.04142436244125]]"
393,3.0,פארק הירקון מגשר 9078 עד אבן גבירול,,2004.0,515.42,,,20/08/2025 01:08:49,515.4222229936486,"[[34.78353864543652, 32.09674628125885], [34.78351387814129, 32.09669830606704], [34.78342265759797, 32.09660351751442], [34.783370679245806, 32.0965697027704], [34.78325732031483, 32.09653496793697], [34.783159774306185, 32.096536075633004], [34.78309246302316, 32.09654515639877], [34.783071283624075, 32.09657944396734], [34.78306560490405, 32.09671757313831], [34.7830657625662, 32.09684247179129], [34.782040547926094, 32.09682157203913], [34.78201079686873, 32.09680241902443], [34.781978005085385, 32.09670898936077], [34.78182848821956, 32.09664872036914], [34.78172091837082, 32.096628432034954], [34.781603892137554, 32.09662804149585], [34.78110760140451, 32.09664631352392], [34.78031674040422, 32.09659186079132], [34.77983936325694, 32.09657034129332], [34.7797319414382, 32.09651817367259], [34.77904813667732, 32.09653314319065], [34.77899308499764, 32.096557772738564], [34.77880357136633, 32.09656572566094], [34.778687965662556, 32.09659301478103], [34.77866100068772, 32.09660533091339]]"
394,1.5,אבן גבירול  גדה מערבית,,2000.0,294.41,,,20/08/2025 01:08:49,294.4148023089596,"[[34.782707739759246, 32.09071779120608], [34.782576404402896, 32.090051811622075], [34.782576507521384, 32.09002936651283], [34.78256101890805, 32.08995598170601], [34.78248372812511, 32.08956060679089], [34.7824700461951, 32.0894767492314], [34.78231717326393, 32.08869499567083], [34.78219884089109, 32.08809876780948]]"
395,1.5,אבן גבירול  גדה מערבית,,2000.0,88.69,,,20/08/2025 01:08:49,88.69468358007157,"[[34.782773686211, 32.09171221692404], [34.78262571369186, 32.09155239595769], [34.78260499790833, 32.0915214967356], [34.78259155294017, 32.09141733629544], [34.78257204629881, 32.09129942237313], [34.78250171509196, 32.09096789461158]]"
396,,פרופס מארצי יצחק עד לוי אשכול,,2023.0,506.61,,,20/08/2025 01:08:49,506.612069912076,"[[34.79124969591006, 32.122998397272454], [34.79117842205917, 32.123037767335354], [34.790870643779385, 32.12312028644467], [34.79064824773254, 32.123158957854514], [34.79017563664479, 32.123245664575684], [34.78948974539418, 32.12335996421281], [34.78924075182534, 32.12340346339832], [34.789094345968316, 32.12342619512973], [34.78901904003162, 32.12344564391499], [34.78890811872149, 32.1234811537503], [34.78882621317489, 32.12349776720526]]"
397,2.5,2425,,2023.0,411.38,כביש,,20/08/2025 01:08:49,411.3808282144697,"[[34.79702110138506, 32.14230285605284], [34.79704083499411, 32.14226197337232]]"
398,,2425 מערב,,2023.0,429.2,,,20/08/2025 01:08:49,429.195743104323,"[[34.796491598838, 32.14206665211065], [34.796517329034465, 32.142153018168344], [34.79654309859321, 32.142224122634545], [34.796542191672266, 32.14229571737792], [34.7966363193142, 32.142474679339806]]"
399,2.5, איינשטיין (קטעים מלבנון עד נמיר),,2023.0,490.85,כביש,1692057600000.0,20/08/2025 01:08:49,490.84671848581416,"[[34.79551624150565, 32.1126737559033], [34.795134113055774, 32.11263749989228], [34.794880663935984, 32.11261860431752]]"
400,2.5,טיילת הפארק החופי,,2023.0,2098.43,כביש,1696032000000.0,20/08/2025 01:08:49,2098.4269103977813,"[[34.784166288379176, 32.123337046932924], [34.78415470123071, 32.12340632930713], [34.7841721471116, 32.12345362972815], [34.78421569100768, 32.12349600555764], [34.78425847006417, 32.12352191591485], [34.78429120729573, 32.12353634031734], [34.78437190090182, 32.12354806065065], [34.78446517584296, 32.12356769611266], [34.78452224972255, 32.12359436980427], [34.78459104615227, 32.12363253496027], [34.78463375656757, 32.12367347675586], [34.78473149140282, 32.123821253697], [34.78481504862381, 32.12394249916553], [34.78487114392157, 32.12399923213918], [34.78491053276463, 32.12403085735404], [34.78501699655892, 32.12410923124467], [34.785203913731394, 32.12425229288249], [34.785356164623444, 32.12443460767949], [34.78551337610967, 32.124636264775766], [34.78553928692561, 32.12467213948573], [34.78555330495919, 32.124733744148514], [34.785560711241374, 32.124769677575564], [34.78556501265744, 32.12490211295994], [34.7855723904531, 32.12497490930159], [34.7855909991727, 32.12504416362233], [34.785615341056314, 32.125085998407776], [34.785648789682305, 32.12512905726574], [34.785690666417864, 32.125168563915445], [34.78577946141569, 32.125217770136274], [34.785946590336465, 32.12530481333138], [34.785998318029684, 32.125336001942735], [34.786059084476555, 32.12538332530721], [34.786115634219826, 32.12543302172673], [34.786168622524556, 32.1254952311947], [34.78622010555544, 32.12558010374034], [34.7862784298533, 32.12570197999784], [34.786285941554226, 32.12574554910746], [34.78630131343743, 32.125910112692594], [34.786312595137325, 32.12620290775158], [34.78635303400566, 32.126373399435664], [34.786388676975875, 32.12648875931744], [34.78647789480903, 32.12666084311832], [34.78659403036046, 32.12683301658473], [34.78676204568735, 32.12706477041177], [34.78686469039798, 32.12724405655734], [34.78693737654281, 32.12741417733423], [34.78704393141672, 32.12765885172623], [34.78710637985417, 32.127737316815036], [34.787142086576694, 32.127777518655606], [34.78733533803456, 32.127948036480184], [34.7876853389596, 32.12823932249993], [34.78781938930045, 32.128357152956916], [34.787845253272266, 32.12840376453366], [34.78784966538478, 32.12848180022154], [34.787768094108834, 32.128538794895896], [34.7874754747584, 32.128762112604], [34.787348552338706, 32.12892632636498], [34.78711898569688, 32.129464798694656], [34.78711855129132, 32.12956023540849], [34.78718814868044, 32.12967021959124], [34.78741988332567, 32.129888105646906], [34.78767158161035, 32.13003209204857], [34.787828154872976, 32.13013043248208], [34.78787784428611, 32.13030238516018], [34.787939885589466, 32.130532834564264], [34.788020543865755, 32.130677451473815], [34.78809696812354, 32.130828018783326], [34.78810377788344, 32.13087218152521], [34.7881035936871, 32.13091274210228], [34.788090645875634, 32.13098547140404], [34.78809033164636, 32.13105466308128], [34.7880930002934, 32.131084496440586], [34.788102575176495, 32.13113701966187], [34.78813330871571, 32.13146996244944], [34.78815152793628, 32.1317801978196], [34.78816895190675, 32.131956816477704], [34.788185412634206, 32.13203680079407], [34.78821026845346, 32.132120390970364], [34.78823805407249, 32.13217655230363], [34.7883410097851, 32.13235106685504], [34.788457920551, 32.13253994202976], [34.78854967240655, 32.132712032582305], [34.788600988462456, 32.13283507860804], [34.78866178806162, 32.133030927611806], [34.788765390283196, 32.13337246082302], [34.78877209776367, 32.13343928942143], [34.78877876091629, 32.13351566231398], [34.788770095233865, 32.13357170384544], [34.788752968341164, 32.133638455091294], [34.78869019226682, 32.13387803769727], [34.78867426173569, 32.13399012624162], [34.78867801891556, 32.13408915583061], [34.78870144222182, 32.13417989951413], [34.78871383276644, 32.13423004580288], [34.78882366691506, 32.13443440617519], [34.78901538650794, 32.134822754789234], [34.7891429024517, 32.13514766421183], [34.789183048050184, 32.135261128884636], [34.78921896039002, 32.135380544933376], [34.78923386919876, 32.13549392681589], [34.789241637772875, 32.1356359176901], [34.78923406625523, 32.13575996243235], [34.78919546539428, 32.13592446745783], [34.78914576197647, 32.13606388370385], [34.78912713545282, 32.13615210323342], [34.789121310744584, 32.136199802702926], [34.789141995616774, 32.13627622154303], [34.789193476548824, 32.13636347798097], [34.78924935849971, 32.13640780157129], [34.789316472675864, 32.13644858370548], [34.78941154634445, 32.136507351479274], [34.789499588945915, 32.13657086745391], [34.789559531767814, 32.1366474148861], [34.78959149789501, 32.13670955486585], [34.789603889253634, 32.1367597010544], [34.78961489469026, 32.1368062635367], [34.789618814942074, 32.1368695037623], [34.78961891761976, 32.1369088730939], [34.78960861555157, 32.13695464974483], [34.789586438547715, 32.137021860659736], [34.789498490574296, 32.13712321472486], [34.789381965952636, 32.13721874874088], [34.78930587315028, 32.1373029617303], [34.78927022963, 32.13737156135366], [34.78926136391251, 32.13747174253508], [34.789277903264335, 32.13753478607686], [34.78930613509655, 32.137616478883814], [34.78930988777796, 32.13765466622296], [34.789309390672315, 32.137764419279044], [34.789309044858626, 32.13784076911235], [34.78938825282857, 32.13819049723166], [34.78946038823114, 32.13836132964055], [34.78956588200687, 32.138596693549175], [34.78957696323476, 32.13862655441404], [34.78960009155753, 32.13878291037994], [34.78962656856744, 32.13881878695917], [34.78971152847753, 32.138944327882214], [34.78976715855375, 32.13904472034649], [34.78978926294262, 32.139117564540015], [34.789794228277636, 32.13925954612357], [34.789839319072364, 32.13937078670534], [34.78985773741298, 32.139478069487375], [34.78996181404501, 32.139717006655616], [34.790068621122195, 32.139972654523085]]"
401,,,,,7.15,,,20/08/2025 01:08:49,7.1486985948398285,"[[34.78495357526198, 32.111819121375795], [34.78487789587205, 32.11181648458101]]"
402,,,,,235.2,,,20/08/2025 01:08:49,235.19823122004632,"[[34.78382004097993, 32.09540380303799], [34.782621938340476, 32.09541768212418], [34.78261864518496, 32.09550106374536], [34.7826706392053, 32.09553081540722], [34.7827655451934, 32.0956741093707], [34.782950831029645, 32.09568459147607], [34.78309808337892, 32.09574344483147], [34.78325284977603, 32.09578062604599], [34.78344407228534, 32.09583250828665], [34.78363329574399, 32.095856945883135], [34.783661164107066, 32.095879159238066]]"
403,,,,,110.09,,,20/08/2025 01:08:49,110.09358340994612,"[[34.79815616145724, 32.100688919997744], [34.79822169446623, 32.10048595794145], [34.79828166987707, 32.1004184261747], [34.798386345938205, 32.10035950543196], [34.79907293971509, 32.10027281537343]]"
404,,,,,135.66,,,20/08/2025 01:08:49,135.65601476631858,"[[34.80940099953719, 32.09513234241074], [34.80941957553455, 32.09604173658941], [34.80945323963648, 32.096057794152614], [34.80978303317509, 32.096068394404185]]"
405,2.5,ראול ולנברג מדבורה הנביאה מזרחה,דו סטרי,2023.0,291.73,כביש,1696032000000.0,20/08/2025 01:08:49,291.73037453795206,"[[34.84087059482042, 32.11476834478325], [34.841641501972845, 32.115476518880875], [34.84166142265754, 32.11554338379483], [34.841750778972134, 32.1156333520096], [34.84180236983603, 32.11563159156398], [34.841847126773736, 32.11565653322946], [34.84194769793995, 32.11574653431408], [34.84260282042124, 32.116258052460395], [34.8427123709548, 32.11634616951043], [34.843034310483795, 32.11660668277852], [34.84303655256995, 32.11660668917659]]"
406,2.5,גשר איינשטיין,דו סטרי,2023.0,212.81,כביש,1698624000000.0,20/08/2025 01:08:49,212.80603751752687,"[[34.78616998787068, 32.11326332239721], [34.786023565004186, 32.11321837183442], [34.78599327403496, 32.11320823040697], [34.78597495116408, 32.11316083438458], [34.78594990609611, 32.11310911193798], [34.78594498737932, 32.113078973432174], [34.785953551299855, 32.11304887857469], [34.78596379439586, 32.11302022400125], [34.78600284546665, 32.112957239045315], [34.786046919890886, 32.1129014416487], [34.78612489750092, 32.112802724039355], [34.78627048504079, 32.11266119744569], [34.78648556922703, 32.11243240003455], [34.78665335851988, 32.112226397523415], [34.78673637137575, 32.112131999438844], [34.786753427731384, 32.11208758876755], [34.78678398508421, 32.11203891930664], [34.787026293521826, 32.111752833860585]]"
407,2.5,אינשטיין מלישנסקי עד הגשר ,חד סטרי,,319.46,כביש,,20/08/2025 01:08:49,319.45523942625204,"[[34.78832261065573, 32.11207151248609], [34.78750256950441, 32.11200810396925], [34.78711225326421, 32.111976606934334], [34.78653168818886, 32.11192763668951], [34.78571701676162, 32.11185041180881], [34.78524104739631, 32.11180920578625], [34.78495357526198, 32.111819121375795]]"
408,2.5,נמיר מפרופס עד איינשטיין ,דו סטרי,2023.0,1082.83,כביש,1701302400000.0,20/08/2025 01:08:49,1082.830740440859,"[[34.794133784593456, 32.12250040280352], [34.794093273034704, 32.12234044060302], [34.7941075686192, 32.122278225194194], [34.7940902268133, 32.12213125518859], [34.79407971444328, 32.121983126876096], [34.79411406265747, 32.12182576449257], [34.79396574188802, 32.12113812496429], [34.79383705271653, 32.121075672370516], [34.793792601248235, 32.12098486125386], [34.79383794998965, 32.12087525329725], [34.793883342401614, 32.120756101902835], [34.79374084513714, 32.12002076128012], [34.79345570865936, 32.118583481796534], [34.79316002946376, 32.116998236922164], [34.793076310077964, 32.11691207021328], [34.793048682220835, 32.11682131343503], [34.79310567124866, 32.116616305104564], [34.79296832263646, 32.115985962769436], [34.79290241480675, 32.115634831554196], [34.79285339305441, 32.11557485969746], [34.79286911024288, 32.11545740125355], [34.7925576225711, 32.11379788437], [34.79239306176131, 32.11298611850165]]"
409,,שי עגנון מנמיר עד לוי אשכול,דוד סטרי,2013.0,304.37,,,20/08/2025 01:08:49,304.3650089805262,"[[34.792334192494295, 32.10349020049552], [34.792289864932656, 32.103453486207414], [34.79223839163697, 32.10343041339252], [34.792166773785034, 32.103398685497375], [34.792117495138946, 32.103386117450206], [34.79201191177123, 32.10337015121445], [34.791774326810476, 32.103340826049084], [34.791030495529064, 32.103249012175894], [34.79069389476432, 32.10320746365532], [34.79020552710805, 32.10314717854537], [34.789510043973884, 32.10306132404694], [34.78928346103593, 32.10303335226928], [34.78921762610091, 32.10303951210218], [34.78917580022355, 32.103037699478726]]"
410,,,,,74.3,,,20/08/2025 01:08:49,74.29713007779408,"[[34.79230156266713, 32.103444429770185], [34.7923517689136, 32.103401195629885], [34.792441710665216, 32.10334708804], [34.792475155935634, 32.10315054555176], [34.79252697346982, 32.102836766761556]]"
411,,,,,28.71,,,20/08/2025 01:08:49,28.70910820045869,"[[34.79256318570278, 32.10301249263958], [34.792865968452006, 32.10300202410574], [34.7928670893222, 32.10300202774753]]"
412,,,,,5.46,,,20/08/2025 01:08:49,5.463549469909917,"[[34.79296655764358, 32.103073930045305], [34.79292635190521, 32.103038486453926]]"
413,,,,,19.64,,,20/08/2025 01:08:49,19.64269913177452,"[[34.79290098279469, 32.10294487363881], [34.79290686314126, 32.102883812162645], [34.792912589423835, 32.102857108180935], [34.79293428168125, 32.10277032867106]]"
414,,,,,29.65,,,20/08/2025 01:08:49,29.65227435039047,"[[34.792927986553494, 32.10267391465239], [34.792794642429136, 32.10265534831607], [34.79276774601338, 32.10265239774326], [34.79261741666033, 32.10267099718271]]"
415,,,,,7.41,,,20/08/2025 01:08:49,7.409088295409785,"[[34.79254788786426, 32.102673634289346], [34.79249203750922, 32.10262668702344]]"
416,2.5,אבן גבירול החדש/2040 מפרופס עד יוניצ'מן גדה מזרחית,חד סטרי,2023.0,2210.57,כביש,1701388800000.0,20/08/2025 01:08:49,2210.570040635649,"[[34.7889941781496, 32.12380862590453], [34.78904117643501, 32.12383168533827], [34.789063519877935, 32.12385084664152], [34.78903189299166, 32.12390037063376], [34.789022635473714, 32.12396332970047], [34.78909125112698, 32.124165885685834], [34.78919547834375, 32.124429637872716], [34.78950324394111, 32.12531631778762], [34.789844660592976, 32.126203107948285], [34.79021276842489, 32.12714152030495], [34.79054313009933, 32.12799582254413], [34.79097988307179, 32.12913487854776], [34.791392385632484, 32.13018223286783], [34.79180253373201, 32.13125630050968], [34.792006567401856, 32.13177615102375], [34.79203998281916, 32.131827796624904], [34.79206684911991, 32.13183933674322], [34.792144474890165, 32.13203619302446], [34.792123822060205, 32.13207694486297], [34.79218398476658, 32.13222910791453], [34.79223755457756, 32.132288454458994], [34.79227525996532, 32.1323840153396], [34.79230178320951, 32.13247190533567], [34.7923194107009, 32.132542587452576], [34.79264844199156, 32.1332021849652], [34.79275080593846, 32.13338575962324], [34.792819788070894, 32.13351005445454], [34.79312485372906, 32.13401305255231], [34.7933409298374, 32.13435160721247], [34.79376406329306, 32.13504013784807], [34.794414578796406, 32.13605007843093], [34.794917726849555, 32.13690874513725], [34.79506019714148, 32.137155436918455], [34.79559011509068, 32.13805045430406], [34.79593710152648, 32.13871773536671], [34.79597517063436, 32.13873312893947], [34.796024531507065, 32.138731379123975], [34.79611552193981, 32.138953090215736], [34.79607506551322, 32.138970138625105], [34.79607037509484, 32.13901593390361], [34.79608574600859, 32.13909042539838], [34.79615668296779, 32.139281531192175], [34.79622532551499, 32.13948408214484], [34.79631592510018, 32.139793595386344], [34.796509142944664, 32.14073715128922], [34.796704727306974, 32.14165399107004], [34.7967754966037, 32.14188327094026], [34.79685751793265, 32.14210495252947], [34.796897636058794, 32.14216425374267], [34.79696473453524, 32.14221028012779], [34.79704083499411, 32.14226197337232]]"
417,,,,,17.05,,,20/08/2025 01:08:49,17.049865140161298,"[[34.788604776100335, 32.12416632079661], [34.78855754989532, 32.12419841160157], [34.78848555896226, 32.12424589470982], [34.78846327434627, 32.124261893956266]]"
418,,שניצר,,,271.48,,,20/08/2025 01:08:49,271.4842065430776,"[[34.7934623651325, 32.12877369836657], [34.79340386181753, 32.12848046299365], [34.793341629760185, 32.128168536884154], [34.79326029670422, 32.12776087062754], [34.7931716742032, 32.12731665757961], [34.79320414117242, 32.12727381750163], [34.793248276874195, 32.12720872057117], [34.79320625323648, 32.12712093276477], [34.793180282905155, 32.12708781707273], [34.79311776933991, 32.12703603303271], [34.79309167452923, 32.12694540221143], [34.79304734288457, 32.126718780329945], [34.79300971095056, 32.12652640189418], [34.79300581630651, 32.1264747261879], [34.792980805358056, 32.12642930966577], [34.79297495785006, 32.12641868932312], [34.79297534998484, 32.126415137578945]]"
419,,,,,55.73,,,20/08/2025 01:08:49,55.7272267029802,"[[34.79299988921604, 32.126434842783965], [34.79256581323599, 32.12649212402661], [34.79241632132172, 32.12651185110674]]"
420,,קדושי השואה,,,554.13,,,20/08/2025 01:08:49,554.1346892296547,"[[34.79239817079256, 32.128282331135395], [34.79232441520355, 32.1279028335511], [34.79224126994905, 32.12747502487758], [34.79223125619764, 32.127423499673775], [34.79219942623208, 32.12738252732766], [34.79217291418293, 32.127325480905164], [34.79218949002489, 32.127219011071304], [34.792131100917345, 32.126911860951765], [34.792055614490444, 32.12651477006425], [34.79195823094428, 32.12600248006517], [34.791874723176086, 32.12556318567345], [34.791808846191046, 32.12524425892353], [34.7917758554686, 32.12520570035518], [34.791755041931104, 32.12515791385724], [34.79176412131436, 32.12509247140877], [34.79176557278692, 32.12503155268556], [34.791760326539396, 32.124947659991896], [34.79171688110662, 32.12473414607356], [34.79167458717931, 32.12465659838935], [34.79167833530679, 32.12462928752893], [34.79168285816048, 32.124566641081095], [34.791604297365495, 32.12415348716249], [34.79152145154123, 32.123795957322095], [34.791502313920844, 32.12363753845341], [34.79138358447961, 32.12345497599787], [34.7913979396043, 32.12340163464197]]"
421,,,,,9.41,,,20/08/2025 01:08:49,9.41232662259731,"[[34.791710530657156, 32.13185316691896], [34.79180213280901, 32.13181957116816]]"
422,,,,,7.8,,,20/08/2025 01:08:49,7.802744107657597,"[[34.79192527165098, 32.13178902061383], [34.792006567401856, 32.13177615102375]]"
423,,,,,6.92,,,20/08/2025 01:08:49,6.9183421344977605,"[[34.7918443092092, 32.132163920029235], [34.79191342608677, 32.13214310400186]]"
424,,,,,7.65,,,20/08/2025 01:08:49,7.65289892396511,"[[34.79204785989986, 32.132101123993976], [34.792123822060205, 32.13207694486297]]"
425,2.5,אבן גבירול החדש/2040 מפרופס עד יוניצמן גדה מערבית,חד סטרי,2023.0,2168.04,כביש,1701388800000.0,20/08/2025 01:08:49,2168.036589328792,"[[34.796491598838, 32.14206665211065], [34.79638985530529, 32.14173992427488], [34.79635702035787, 32.141556576871416], [34.79627564682401, 32.141189830491975], [34.79609992625003, 32.14034749597971], [34.796053793819766, 32.140127838702796], [34.79594145861362, 32.139661735981285], [34.79583093419918, 32.13929298699088], [34.79554911194266, 32.1386011019045], [34.79550889403072, 32.13856470512559], [34.79540978682547, 32.138391719385936], [34.79540446046964, 32.138345787159], [34.795357720466036, 32.13825690461399], [34.79509722995353, 32.137813228322514], [34.79475255752452, 32.13721200056108], [34.79436090441886, 32.13654867008233], [34.79392498363229, 32.13583289969398], [34.793872418653585, 32.13576193950707], [34.793522300951615, 32.13521028852815], [34.79314143033629, 32.1346020617678], [34.79277221994485, 32.13402107214009], [34.792383230880894, 32.13334982818454], [34.79201646565621, 32.13260134935975], [34.79148901207015, 32.13129832483856], [34.791134800630864, 32.130380958177255], [34.79086547804986, 32.129667151663654], [34.79039646637719, 32.12846881861776], [34.7901103763467, 32.12774493492042], [34.78981098900333, 32.12698664821416], [34.78954174366443, 32.12625995511147], [34.789219034685566, 32.12545291771712], [34.78891466560936, 32.12468316063619], [34.78860510721212, 32.12394631156002], [34.78855251030625, 32.12381538502313]]"
426,2.5,2434,,2023.0,49.92,,,20/08/2025 01:08:49,49.91530299225719,"[[34.792724590902694, 32.13304291488172], [34.79275478903917, 32.13303027633186], [34.792877538671235, 32.13298473600803], [34.79316357821598, 32.13287861514315], [34.79321271993307, 32.132874469664465]]"
427,2.5,רחוב 2434 סביב תיכונט,,2014.0,169.04,,,20/08/2025 01:08:49,169.03747152573257,"[[34.792718487232484, 32.133315769259475], [34.79331282654455, 32.133091770350646], [34.793446109702685, 32.13309103076365], [34.79360371429079, 32.133044329560406]]"
428,1.5,הגדוד העברי מללוינסקי עד צ'לנוב,,2016.0,172.22,,,20/08/2025 01:08:49,172.21656563152698,"[[34.77990077326469, 32.056912096945695], [34.77964248354802, 32.057567825340776], [34.779561494785256, 32.05773299639333], [34.77931607732583, 32.058093651771145], [34.77924987077472, 32.0581927249571], [34.77913728227094, 32.058310097643286]]"
429,2.5,נמיר מרוקח עד חיים לבנון,דו סטרי,2023.0,268.59,כביש,1698796800000.0,20/08/2025 01:08:49,268.5915504835449,"[[34.79360875442695, 32.100249982106185], [34.79355541378996, 32.10029719791223], [34.793387192174215, 32.10090926719401], [34.79317099302732, 32.101856444192734], [34.79305827589314, 32.102533282480806], [34.793100706601045, 32.10260411117329]]"
430,,,,,24.93,,,20/08/2025 01:08:49,24.92737383298973,"[[34.773094453375336, 32.08740243106461], [34.77284014743776, 32.087462913564075]]"
431,2.5,גשר רדינג ווקוף,דו סטרי,2022.0,155.53,כביש,,20/08/2025 01:08:49,155.5348138325989,"[[34.77631516980799, 32.10169775236975], [34.77627799640954, 32.10173484786339], [34.77629470764456, 32.10175780965918], [34.77634832520749, 32.1018009383297], [34.77704761482465, 32.10223850145696], [34.77753846158681, 32.10255682524398]]"
432,,,,,237.22,,,20/08/2025 01:08:49,237.22091690533017,"[[34.77363641561293, 32.0926188387699], [34.77450566729107, 32.092535896488194], [34.77482467669662, 32.09250165209824], [34.775676340048555, 32.09242652914188], [34.77613341326715, 32.09237916321731]]"
433,3.5,יריד המזרח מרוטלוי דוד עד ככר הנמל,,2012.0,276.68,,,20/08/2025 01:08:49,276.67645867234955,"[[34.77725991975283, 32.09921749753251], [34.77648126554393, 32.0999149245929], [34.77641321073859, 32.09997691417167], [34.77647686195891, 32.1000386832103], [34.77651391046664, 32.10009933522242], [34.776531446094644, 32.1001508421488], [34.77653276522864, 32.100249202404996], [34.776509325200635, 32.10032024153382], [34.77647890043204, 32.10036402047309], [34.77643781074059, 32.10040776337195], [34.776332641629295, 32.10046944804348], [34.776243668983724, 32.10048881794802], [34.7761494762859, 32.10048395994217], [34.77606779677651, 32.100464013145086], [34.776009255132074, 32.100438090873745], [34.775951161017204, 32.100397780319476], [34.77563371781493, 32.10068692554968], [34.775560311208984, 32.10077693571294]]"
434,2.5,פרופס מנמיר עד לוי אשכול,דו סטרי,2024.0,230.24,כביש,1709251200000.0,20/08/2025 01:08:49,230.2446873027322,"[[34.794133784593456, 32.12250040280352], [34.79409093790935, 32.12252105454938], [34.79351168280273, 32.12264262288545], [34.7924067868271, 32.12284694201113], [34.791843019284286, 32.12291917421354], [34.791749870950966, 32.12292017014539]]"
435,3.0,תל גיבורים,דו סטרי,2024.0,364.89,כביש,1709251200000.0,20/08/2025 01:08:49,364.89359700242886,"[[34.76907653856021, 32.03599116504687], [34.769093570364824, 32.03594350334057], [34.76910219861206, 32.03589581278379], [34.769108083168824, 32.03583618298876], [34.76911427142307, 32.035712132852034], [34.76912096378838, 32.03565942528499], [34.76912535179112, 32.03562007077178], [34.76915986099884, 32.03543050248032], [34.76917203505757, 32.03534377374211], [34.76913891983938, 32.03523867604006], [34.769118915296, 32.03520424905838], [34.76918850641134, 32.03517776418715], [34.76919980929277, 32.03515680653202], [34.76923195734787, 32.034992759863634], [34.76922752924558, 32.03498129189543], [34.76925233199375, 32.03494892779075], [34.76925262085912, 32.03488784672959]]"
436,2.5,הלוחמים מתל גיבורים,דו סטרי,2024.0,120.4,כביש,1709251200000.0,20/08/2025 01:08:49,120.39937939870698,"[[34.76925262085912, 32.03488784672959], [34.769228007700164, 32.034880127684765], [34.76907996283606, 32.034912068760796], [34.76900373987659, 32.03491944255005], [34.768887219022176, 32.034919042415986], [34.768418199146694, 32.035064407645514], [34.768218216865336, 32.03518015671904], [34.768070062557655, 32.03523500267675]]"
437,1.1,הגדוד העברי מצ'לנוב עד הר ציון,חד סטרי,,172.76,כביש,,20/08/2025 01:08:49,172.76425415148748,"[[34.77606770777952, 32.059862973681106], [34.77645513400841, 32.05969257699296], [34.776775213855714, 32.059551492758494], [34.77694031277492, 32.059480659434556], [34.777265400987574, 32.05935005340751], [34.77759847471722, 32.059211472746235], [34.77770347511227, 32.05916566903143]]"
438,2.6,יובל נאמן מלוי אשכול עד אייזיק שטרן ,דו סטרי,2024.0,258.48,כביש,1711929600000.0,20/08/2025 01:08:49,258.47928915508163,"[[34.78891101368896, 32.110522956021036], [34.78885284306372, 32.110502024147706], [34.78877361434451, 32.110472451689674], [34.78872427024382, 32.11045699549575], [34.788674861570655, 32.11045555909682], [34.788358710495274, 32.11049912762012], [34.788331699831375, 32.11051178378878], [34.78826255412552, 32.11057018244189], [34.78821148642823, 32.110604425780686], [34.78810939246432, 32.110663990287385], [34.787958625285924, 32.11058127993205], [34.78793146931473, 32.11057784772254]]"
439,2.6,יהודה עמיחי מיובל נאמן עד אייזיק שטרן,דו סטרי,2024.0,304.4,כביש,1711929600000.0,20/08/2025 01:08:49,304.4011935370132,"[[34.7878901671152, 32.11040532699315], [34.78785766227675, 32.11034178594153], [34.78682725953053, 32.10968957763121], [34.78678103752167, 32.10968226686568], [34.78674316171602, 32.10968930032083], [34.786692637850386, 32.10970344950409], [34.786667407972786, 32.10970336628824], [34.78664644843616, 32.10968898134231], [34.78652258115245, 32.109616944042905], [34.78650047581364, 32.10953335423825], [34.78642111531944, 32.10945305636453], [34.786345740497495, 32.109395390128725], [34.785807379676726, 32.1090603524261], [34.785604126423955, 32.108963627918605], [34.785553882608234, 32.10895500844654], [34.78550929125963, 32.1089591552608], [34.78545539718816, 32.10897472483818], [34.78540561996414, 32.10900963413286], [34.78536584283121, 32.10906461863094]]"
440,2.5,חנה רובינא גדה מערבית,דו סטרי,2024.0,250.12,כביש,1724976000000.0,20/08/2025 01:08:49,250.11772092413565,"[[34.817996803997744, 32.12223573862683], [34.818068298357936, 32.12227095678955], [34.8181386563175, 32.12228591559283], [34.81818413034149, 32.12227317052942], [34.81824058001575, 32.12225043740692], [34.81829282798985, 32.12222697543094], [34.81835520720555, 32.12219423882171], [34.818399043626414, 32.122170752057585], [34.818457227119744, 32.122135855461124], [34.818518844225345, 32.12208450634804], [34.818599887483266, 32.1220138893778], [34.81867586952475, 32.1219468370158], [34.81881265094727, 32.12182270563151], [34.81891482060451, 32.121728532378356], [34.819208690140854, 32.121450983066964], [34.81930077192825, 32.121355346772965], [34.81952200883011, 32.12114843972808], [34.81972211826665, 32.12096508941646], [34.81978543953189, 32.12090801852305], [34.8198193000926, 32.120856584447324], [34.81983126383964, 32.120811526201834], [34.81983299488773, 32.120773721484156]]"
441,3.5,פארק גני יהושוע (רוקח),דו סטרי,2024.0,325.97,מדרכה,1717545600000.0,20/08/2025 01:08:49,325.9661215666908,"[[34.808332803314904, 32.10212073088564], [34.80875878727768, 32.10223992646087], [34.809132224007655, 32.10216319342479], [34.80930826685831, 32.10215175883639], [34.809455945158845, 32.10218817268118], [34.80956130834919, 32.102242430648644], [34.809926081952675, 32.102543178245654], [34.81026288071783, 32.1028018929929], [34.810417161938986, 32.10294019376146], [34.81052959216447, 32.102988481442964], [34.81065620406724, 32.10301284365253], [34.810789907326196, 32.1030252439452], [34.81095878331873, 32.10304374481976], [34.81109225553747, 32.103110073555236], [34.81119751700277, 32.10318829930642], [34.811243911112584, 32.10328892928065]]"
442,,שביל המוביל למרכז יצחק רבין,,2014.0,197.41,,,20/08/2025 01:08:49,197.4075868762807,"[[34.799294142815576, 32.10160492327145], [34.79883647469184, 32.10181838656003], [34.79881697511894, 32.10182217294192], [34.7987883774154, 32.1018235125006], [34.798766501699774, 32.101826305614516], [34.79874791894612, 32.101844857143824], [34.79875033383526, 32.10186920135206], [34.798766216963365, 32.101890726426326], [34.79879731394832, 32.10189440429219], [34.79880991570904, 32.1018973078126], [34.798845037200955, 32.10194179982001], [34.79886257318751, 32.10196977162511], [34.79887832246171, 32.102021359065866], [34.79887989410696, 32.10204641749057], [34.798859383328164, 32.102120794179875], [34.79882979568113, 32.10215577347307], [34.798703863757034, 32.10229924457414], [34.79856765056196, 32.10248563011418], [34.798508337608986, 32.1025870829501], [34.79843532501107, 32.102743607140994], [34.798414829540434, 32.10281440551399], [34.79840709003188, 32.10285303301263], [34.79840610424187, 32.10288595672616], [34.79843279193348, 32.102936148142625]]"
443,,,,,2112.94,,,20/08/2025 01:08:49,2112.935309266785,"[[34.80366300594069, 32.09939163228497], [34.803220882692486, 32.099540549636465], [34.802226026098644, 32.09981297513057], [34.80218397064923, 32.09981522772133], [34.801975397527166, 32.09983601061869], [34.80201727281963, 32.09979680325516], [34.80221657580856, 32.09973062923763], [34.80219941248482, 32.09948959058022], [34.80218007708506, 32.09942559889801], [34.80214370335523, 32.09940948301104], [34.80202878773683, 32.099407924965114], [34.8017610944095, 32.099409460464486], [34.80165439973251, 32.09945087574862], [34.80153502697168, 32.09950656736828], [34.80144086655252, 32.09956591736742], [34.80128070453068, 32.09965488201727], [34.80111764995191, 32.09976411750695], [34.80128215325884, 32.09964414906747], [34.801313048500006, 32.09962993154125], [34.80125554549055, 32.099639293039246], [34.801119449902444, 32.09967345591838], [34.80084025581933, 32.099740567666494], [34.80070700504648, 32.09976519556802], [34.80060893303872, 32.099757724600536], [34.800480116836546, 32.09972987527014], [34.80032894076411, 32.09968763863871], [34.800130076876314, 32.09965360017136], [34.79976592297288, 32.099599946301446], [34.79957689676357, 32.099559973983396], [34.799469150960434, 32.099521453404954], [34.79937412462037, 32.099459113966574], [34.799260893878774, 32.09939313794843], [34.79916712189518, 32.09936420630425], [34.79908035672475, 32.09933529701158], [34.79883424478601, 32.099210438004924], [34.798433029113305, 32.09898129142192], [34.79835046393214, 32.098953588153215], [34.79823009057739, 32.098918606132436], [34.79816013317973, 32.09889213532686], [34.798077679066985, 32.09883937973433], [34.79763601967011, 32.09856596029596], [34.7975227659102, 32.09850594706189], [34.79741771423276, 32.09849248680115], [34.79733231495888, 32.098471932138004], [34.79723155161227, 32.098439397410196], [34.797171469220075, 32.09839864285828], [34.79705957940286, 32.09834698412972], [34.79696740138194, 32.098275108451716], [34.79687668225408, 32.09819011461712], [34.79680125207249, 32.09813380070309], [34.796679478853314, 32.09809881270805], [34.796494555721615, 32.09808270845054], [34.796362919924235, 32.098059617211064], [34.79625517194617, 32.09802228786205], [34.79609851656829, 32.09795258991108], [34.79601035218127, 32.09792367310862], [34.79591789827988, 32.097913831408356], [34.79580579309492, 32.097911083726544], [34.795702159841966, 32.09789404743493], [34.795607014500696, 32.09785914432113], [34.79545464955857, 32.0977703713279], [34.7953133153725, 32.09772219518639], [34.79520555759283, 32.09768725013767], [34.7949619285407, 32.0976363578948], [34.79473649204085, 32.09759148843013], [34.79463004563461, 32.097576828289895], [34.794487029349604, 32.09759187447718], [34.794388879229615, 32.09760229348349], [34.794014639294204, 32.0976130113206], [34.79395997725858, 32.097614027280784], [34.79351319273039, 32.09755054321506], [34.79343904383847, 32.09752167098984], [34.79335801125744, 32.09746533775871], [34.793298154588356, 32.09737447620212], [34.79326061458854, 32.09730754739274], [34.793248210275976, 32.09726098041223], [34.7931936446456, 32.097240522138186], [34.7928589891151, 32.09717501359068], [34.79268962773895, 32.0971267443718], [34.792515977374606, 32.0970975481724], [34.79217715579489, 32.097023672845864], [34.79185515630781, 32.096948659240816], [34.791562432692515, 32.0969083372324], [34.791474243931255, 32.09688538341311], [34.79135239393243, 32.096868284186534], [34.79107799161074, 32.09680535352087], [34.790964556303116, 32.09678708831553], [34.78988339037319, 32.09661892238605], [34.78924194375738, 32.09652615445775], [34.788751901328865, 32.09642314350954], [34.788135721362316, 32.09632210235938], [34.787596469032415, 32.09625471438783], [34.78694791133499, 32.09618577180148], [34.78654447937295, 32.09614507333415], [34.78619287439625, 32.09611050910338], [34.78590145864239, 32.0960916516621], [34.785538478742524, 32.09609283809032], [34.785361942563085, 32.09608271064616], [34.78510286430202, 32.09604129106191], [34.78491663870487, 32.09600488536803], [34.78448651648774, 32.095978406905516], [34.78427500512674, 32.09595503922698], [34.78398652551652, 32.095907555441855], [34.78381432774799, 32.09587966785879]]"
444,,,,,44.95,,,20/08/2025 01:08:49,44.95436104624415,"[[34.79520555759283, 32.09768725013767], [34.795197516399526, 32.09760490827787], [34.79515732077711, 32.09750456750713], [34.79510080263653, 32.09729322550277]]"
445,,,,,112.12,,,20/08/2025 01:08:49,112.1173610497724,"[[34.783629060914826, 32.08772694355623], [34.78357993981092, 32.087765760121684], [34.78354355279623, 32.08778176860519], [34.782622287647015, 32.087957471457166], [34.782518234393606, 32.0879248663098], [34.78250811839984, 32.08794400550126]]"
446,,,,,71.58,,,20/08/2025 01:08:49,71.58122031752029,"[[34.78455704845287, 32.075884110844825], [34.784627331524625, 32.07555044762541], [34.784271510002114, 32.07550389946864]]"
447,2.5,אלנבי מקינג ג'ורג' עד פנסקר,דו סטרי,2024.0,342.09,כביש,1722816000000.0,20/08/2025 01:08:49,342.08501292595406,"[[34.76882247529066, 32.072742705843325], [34.76947029073815, 32.071805807226234], [34.76996933035603, 32.07104018578591], [34.77013493849586, 32.07062463772521], [34.770456201864754, 32.070001563733165], [34.77045843377755, 32.07000348046107]]"
448,2.5,פנחס לבון בית הבאר,,2024.0,164.03,כביש,1722211200000.0,20/08/2025 01:08:49,164.03091826607007,"[[34.77192726015317, 32.04442633062103], [34.77199980345206, 32.044463476666856], [34.77207088050312, 32.04448348633127], [34.77213895063346, 32.044485035944305], [34.77227968804681, 32.04449737606016], [34.77233983516632, 32.04453843311746], [34.77239059507825, 32.04460186137624], [34.77243316699405, 32.04476146216778], [34.7724544256886, 32.04484719219638], [34.772485103694606, 32.04490396260367], [34.77266073362642, 32.0450640165293]]"
449,2.5,קרליבך מהארבעה עד לסקוב,דו סטרי,2024.0,97.47,כביש,1721433600000.0,20/08/2025 01:08:49,97.47262067857304,"[[34.7827475042905, 32.070362780242114], [34.782663454829404, 32.07033859324704], [34.7826387066087, 32.07035775866631], [34.78262192969248, 32.070431196810866], [34.78262789359993, 32.07047496333308], [34.78261747414786, 32.07050642543078], [34.78259889058409, 32.070525612260276], [34.78252070424069, 32.07054635015619], [34.782504259948965, 32.07058745124635], [34.78247712325016, 32.07063894682444], [34.78237584112766, 32.07076634885518], [34.7821591251667, 32.070970360061054]]"
450,,,,,20.31,,,20/08/2025 01:08:49,20.312146240631265,"[[34.78395510688558, 32.0877399512132], [34.78374322195457, 32.08777177621078]]"
451,,,,,16.93,,,20/08/2025 01:08:49,16.92508263411499,"[[34.78375397136226, 32.0879500508713], [34.78370945095315, 32.08780220487537]]"
452,,,,,6.34,,,20/08/2025 01:08:49,6.33588358561951,"[[34.78367822739623, 32.08776583405136], [34.783629060914826, 32.08772694355623]]"
453,2.5,ארלוזורוב מאדם הכהן עד מאנגר,דו סטרי,2024.0,64.19,כביש,1722470400000.0,20/08/2025 01:08:49,64.19029085779952,"[[34.77779809386566, 32.086160685697536], [34.77714330642896, 32.08631663363175]]"
454,,,,,27.71,,,20/08/2025 01:08:49,27.714970211803685,"[[34.79449967340107, 32.08279795210369], [34.794786479261, 32.082744662348034]]"
455,,,,,26.03,,,20/08/2025 01:08:49,26.02887215420234,"[[34.794421622029006, 32.08245070883817], [34.79469246389523, 32.082406855339634]]"
456,2.5,שביל הטיילת הצפונית,דו סטרי,2024.0,1223.99,כביש,1720656000000.0,20/08/2025 01:08:49,1223.9859505768202,"[[34.776993374380844, 32.1075003229803], [34.77703273886354, 32.10752712334913], [34.77704234200767, 32.10770433901538], [34.77707390539084, 32.107890640292155], [34.777157945119974, 32.108118491498985], [34.77732313131461, 32.1083190244478], [34.77750466427086, 32.10848857831652], [34.777746589508524, 32.10874108390341], [34.77783116295474, 32.10885170104115], [34.77792351042256, 32.10903475387065], [34.77800770929449, 32.10922812354832], [34.778063097033744, 32.10952139399375], [34.7781030620572, 32.109642208726285], [34.77813902265852, 32.10975266561457], [34.7783034963335, 32.110111807653716], [34.77846021187542, 32.11039506539923], [34.77868971049755, 32.11070959526322], [34.778842813903985, 32.11089629370723], [34.778943408263004, 32.1110483395139], [34.77899557465089, 32.11115884968288], [34.77904355098235, 32.1113003788065], [34.77913595017877, 32.11147308653083], [34.77932492480446, 32.111790930253086], [34.77952575962519, 32.11217432618261], [34.77969448089827, 32.11249210228401], [34.779838879503195, 32.11281324773334], [34.779906850377444, 32.11301345940186], [34.77995476523735, 32.11316878070939], [34.77999842860789, 32.113368912652014], [34.780058436148494, 32.11353806539862], [34.780234829311226, 32.11395241307511], [34.78030694499933, 32.1141319496922], [34.78040726582066, 32.11434605944986], [34.78076841187927, 32.11511961131994], [34.7809329668213, 32.115464957256684], [34.78099344325322, 32.11553066854737], [34.781073882712924, 32.11566195832061], [34.781101698905886, 32.11578273231347], [34.78112142959937, 32.115900031758976], [34.78108037157064, 32.116020581830654], [34.78102697443156, 32.11618246800687], [34.781030513749684, 32.116296266713796], [34.78105853271661, 32.11637221649752], [34.78113094678071, 32.11648623912082], [34.78123602066924, 32.11654519891193], [34.78136520212157, 32.116649063136066], [34.781490271616484, 32.11676670535139], [34.7815826183075, 32.1169532028746], [34.78163047653991, 32.11712231514324], [34.78162168804157, 32.117276365186605], [34.781613016656564, 32.11740155408256], [34.781507019907814, 32.11751099751328]]"
457,,שביל הטיילת הצפונית מארצי יצחק עד הפארק הירקון,,2017.0,217.16,,,20/08/2025 01:08:49,217.16492448957203,"[[34.781507019907814, 32.11751099751328], [34.78150043565677, 32.1176015099288], [34.78151337934463, 32.117803615444906], [34.78156038591036, 32.11797434447526], [34.7816413163911, 32.118143875555354], [34.781730131109825, 32.11827538130803], [34.781845227830246, 32.118391229589996], [34.78194114999746, 32.118494196771614], [34.7820220256009, 32.11862389571194], [34.78211166275819, 32.11881679634302], [34.78217607401432, 32.11898341964101], [34.78225788171717, 32.119318707043966]]"
458,,שביל הטיילת הצפונית מארצי יצחק עד הפארק הירקון,,2017.0,499.4,,,20/08/2025 01:08:49,499.3998775021202,"[[34.77729339052222, 32.10333120136038], [34.77724840175773, 32.10342123975028], [34.77719326960274, 32.10352269656451], [34.777158544989675, 32.103575548413254], [34.77710612406261, 32.10363621312563], [34.777038506988916, 32.10370971213085], [34.77694396026953, 32.103787414511984], [34.77685353717667, 32.10388230972003], [34.776758039919685, 32.10398362917004], [34.77671910665169, 32.10403718269857], [34.77665986100514, 32.10411858233225], [34.776600589612976, 32.10420570907758], [34.77652515946617, 32.10433143345702], [34.77647591447298, 32.104432193809004], [34.776430820871894, 32.10454442081869], [34.776378016008536, 32.104687401427555], [34.77633681321721, 32.1048669254202], [34.77632819967241, 32.10491055976567], [34.77629796916459, 32.105081532235715], [34.776289125156715, 32.1051745555782], [34.77628687944207, 32.10529551683116], [34.77629711060896, 32.10544586699389], [34.776316138389454, 32.10556105568764], [34.77633513082137, 32.105684739958846], [34.77636087340547, 32.10580088287864], [34.77645806267176, 32.10609624506614], [34.776566044129396, 32.10637643865609], [34.77667907825364, 32.10659858608678], [34.77680985028368, 32.10681970123801], [34.77691324111685, 32.10701045096951], [34.776956323753524, 32.1071494601782], [34.77698593895955, 32.10729128708355], [34.776993374380844, 32.1075003229803]]"
459,,,,,124.57,,,20/08/2025 01:08:49,124.57291041519927,"[[34.7863758118679, 32.08442318743364], [34.786167052443126, 32.08447832993375], [34.78607443278701, 32.0845080879392], [34.78588757757413, 32.08455328163904], [34.78585894700639, 32.0845632086222], [34.78580491622552, 32.084611704073744], [34.78568370487333, 32.08464279846228], [34.78564505055375, 32.08463837550149], [34.78562826169514, 32.084632593665084], [34.785525604964896, 32.084650865398444], [34.78549862918025, 32.08466652321527], [34.78520580577142, 32.08471852388838], [34.78513021076748, 32.0847025258519]]"
460,,,,,101.7,,,20/08/2025 01:08:49,101.69547094014308,"[[34.785306314784, 32.084433970191036], [34.78536851750024, 32.084437039099946], [34.785514963604804, 32.08440316526873], [34.78554877627685, 32.08436319262383], [34.78556898029645, 32.0843575330663], [34.78572048531839, 32.084320812545535], [34.785742350703536, 32.08431945275953], [34.78579444483335, 32.08432678326803], [34.78621700166324, 32.084217946008444], [34.786254033541105, 32.08420947870752], [34.78629436321547, 32.084215338146514], [34.786317825862085, 32.08423259461144]]"
461,,,,,120.3,,,20/08/2025 01:08:49,120.30045207408592,"[[34.7893286987317, 32.08376317875945], [34.789242877914695, 32.08377721345644], [34.78903245256244, 32.08382949296901], [34.789028003265486, 32.08369777236542], [34.788983244892755, 32.08355589804384], [34.789038915483395, 32.083515996115835], [34.78929468120617, 32.083476749875025], [34.78937761643971, 32.08372898091018]]"
462,,,,,70.79,,,20/08/2025 01:08:49,70.79247814139305,"[[34.78936194026984, 32.083476970212146], [34.7895184862733, 32.08344026073989], [34.78953870278541, 32.08343173741255], [34.7896094993402, 32.083393316795366], [34.78968694416477, 32.08337209604445], [34.78971722363825, 32.0833693319743], [34.78978441799778, 32.08338386774791], [34.789836628257355, 32.083365428402985], [34.790077221751446, 32.083334720458176]]"
463,2.5,עוקף קדם עד לוזים,דו סטרי,2024.0,286.3,כביש,1722297600000.0,20/08/2025 01:08:49,286.297825859724,"[[34.74859524693644, 32.04635633839538], [34.74835618653206, 32.04612996979142], [34.74833375555646, 32.04607673307056], [34.74826610541771, 32.04598950750803], [34.748225107554155, 32.04586694105402], [34.74817859571543, 32.0457121391828], [34.748080010525804, 32.04537996338802], [34.74798588311131, 32.045121251680996], [34.747904409233975, 32.0449428096426], [34.74785409949509, 32.0447912151567], [34.7478263561769, 32.04466547418738], [34.74782692387064, 32.044551111154504], [34.74789675608952, 32.044198601974514], [34.747966001144135, 32.043938489893975]]"
464,2.5,דרך השלום - גשר מעל איילון גדה צפונית,דו סטרי,2024.0,123.65,כביש,1725148800000.0,20/08/2025 01:08:49,123.65092774976893,"[[34.793898366215736, 32.07282463945691], [34.793825510542575, 32.07287079777197], [34.793718944010266, 32.07291242893756], [34.793555218335044, 32.07297154797477], [34.793230447961406, 32.07306991146665], [34.79299404237351, 32.073135422085876], [34.79297589011952, 32.07313315377148], [34.79294992395299, 32.07313748823284], [34.79267972902169, 32.073216143945764]]"
465,,שניצר,,,93.37,,,20/08/2025 01:08:49,93.37124248873305,"[[34.79302102107788, 32.12587173906382], [34.79301548472114, 32.12583736049843], [34.79297986649129, 32.12561620010147], [34.79293713164213, 32.12535084910768], [34.79289913226596, 32.125114897128846], [34.79288616200344, 32.12503759935224]]"
466,2.5,שניצר,דו סטרי,2024.0,64.22,מדרכה,1722211200000.0,20/08/2025 01:08:49,64.21705923766217,"[[34.79302102107788, 32.12587173906382], [34.79298438831749, 32.125950354568296], [34.79294971678244, 32.126038702146445], [34.79293746919419, 32.12609314166315], [34.792945165314904, 32.12616126649705], [34.79299988921604, 32.126434842783965]]"
467,, על פרשת דרכים גדה דרומית,דו סטרי,2023.0,119.57,כביש,,20/08/2025 01:08:49,119.57294351025726,"[[34.795932541970146, 32.081686924647535], [34.79568343858597, 32.081857388900026], [34.79562999078903, 32.081902549353735], [34.79559068228256, 32.08191912454484], [34.79551776600945, 32.081930819916465], [34.795464392448935, 32.081959279429554], [34.795422239857544, 32.08198538900861], [34.79537179634042, 32.08198522617867], [34.79532686131223, 32.08200655448279], [34.795290312788325, 32.08203268301197], [34.79528175726951, 32.08206605850696], [34.79521988009568, 32.08211596472923], [34.794969986125, 32.08222252703156], [34.794894181830365, 32.082253299948064]]"
468,,על פרשת דרכים גדה צפונית,דו סטרי,2023.0,127.83,כביש,,20/08/2025 01:08:49,127.82902285547225,"[[34.79604264045282, 32.08208438178183], [34.79596516652831, 32.082154158594065], [34.795832614323466, 32.082342224719405], [34.79580436748336, 32.08239223876197], [34.79577906015793, 32.08241124528949], [34.79552932534665, 32.0824820190531], [34.79548991034523, 32.08252245336485], [34.795461630326535, 32.082579626513585], [34.79541667483454, 32.082605727040445], [34.795026422382, 32.08276432756041]]"
469,,,,,17.05,,,20/08/2025 01:08:49,17.046862097789504,"[[34.82515228698035, 32.11225253083388], [34.825117125490266, 32.11240331488113]]"
470,2.5,ברזילי מהחשמל עד בגין,דו סטרי,2024.0,74.05,כביש,1730592000000.0,20/08/2025 01:08:49,74.0543715137176,"[[34.77548438973909, 32.061271751153015], [34.7757343940572, 32.060638787522855]]"
471,2.5,עופר כהן,דו סטרי,2024.0,91.53,,1730937600000.0,20/08/2025 01:08:49,91.52711310496808,"[[34.77324205856305, 32.04662967009618], [34.77227298831409, 32.046629849889726]]"
472,2.5,חיבור גן דוידוף לשד' ירושלים,דו סטרי,2023.0,80.98,,1693526400000.0,20/08/2025 01:08:49,80.97931734984108,"[[34.756827958473856, 32.03857225606766], [34.756016277562566, 32.03880733699835]]"
473,2.5,פרי אליעזר,דו סטרי,2024.0,53.88,כביש,1727740800000.0,20/08/2025 01:08:49,53.88351899845871,"[[34.76993510603165, 32.086836447397545], [34.76980663369199, 32.08687360222153], [34.76969748931003, 32.086901382437034], [34.76963491444792, 32.08692410915061], [34.76951800121703, 32.0870404981672], [34.76950569894334, 32.08705192665306], [34.769452033571845, 32.087062299634454]]"
474,2.5,טיילת גורדון,דו סטרי,2024.0,64.94,כביש,1727740800000.0,20/08/2025 01:08:49,64.94107174776293,"[[34.769452033571845, 32.087062299634454], [34.76943632216111, 32.086958881213945], [34.7694109366439, 32.08688788574595], [34.769334631057234, 32.086706180841986], [34.7693105047455, 32.08662788972015], [34.76929971848144, 32.0865777999614], [34.769291349113544, 32.08649580971392]]"
475,2.5,אליפלט (שלמה - אילת),,2025.0,824.82,כביש,1738195200000.0,20/08/2025 01:08:49,824.8197292920415,"[[34.76532252708961, 32.05465412686806], [34.765250834445006, 32.0546840812761], [34.764950501985574, 32.05463271608216], [34.76488729718532, 32.05467441756833], [34.76485721828484, 32.054788338314005], [34.764857073992125, 32.05481852072597]]"
476,2.5,שלבים (שלמה - קבו גלויות),דו סטרי,2024.0,537.18,כביש,1738195200000.0,20/08/2025 01:08:49,537.1751566288875,"[[34.765636035359464, 32.052497247272555], [34.76525628518494, 32.05259219845695], [34.76523237149237, 32.05291841131473], [34.76524194325554, 32.052975456559714]]"
477,2.5,שלבים (קבוץ גלויות - היסוד),דו סטרי,2024.0,101.32,כביש,1733011200000.0,20/08/2025 01:08:49,101.31802391848512,"[[34.76542685774047, 32.051750408750536], [34.76549120594238, 32.051903030540664], [34.76551278322887, 32.05191987403861], [34.765510429638766, 32.05200035339487], [34.76559180889075, 32.052275636108725], [34.76561704403593, 32.05235118077073], [34.76566803449757, 32.052393277882224], [34.765691564311155, 32.052413480963466], [34.76567959885895, 32.05244529980927], [34.7656359959088, 32.05250551475037], [34.76563359545416, 32.05259605521512]]"
478,2.5,המסגר (ישראל טל - גרשון שץ) גדה מערבית,דו סטרי,2024.0,655.58,אחוזות החוף,1724976000000.0,20/08/2025 01:08:49,655.5832297043966,"[[34.78747629171215, 32.069137821546114], [34.78733012602569, 32.0687138757344], [34.78721827934119, 32.068471053456264], [34.7871957749561, 32.06841128904227], [34.78715490795133, 32.0682850446853], [34.786982599762844, 32.067817241309996], [34.7868768106517, 32.06748629866623], [34.7867906172793, 32.06715818627986], [34.786679930843526, 32.066785243597664], [34.786641756867716, 32.066691470544015], [34.78657546569485, 32.06650552937328], [34.786468614775195, 32.066184227474565], [34.78638981336187, 32.0659579583948], [34.7862827604693, 32.06564524880541], [34.7862553836271, 32.065593206386986], [34.78620563773859, 32.06556227229186], [34.786129356006775, 32.065515127509926], [34.78604467045393, 32.06525294123959], [34.78613319839517, 32.0652086056595], [34.78612569831108, 32.065169796738004], [34.78597246923669, 32.064817617329204], [34.78561546412983, 32.06404506259286], [34.785469307966785, 32.063678390693696], [34.7854326168254, 32.06359323874637]]"
479,2.5,הא באייר ז'בוטינסקי - ז'בוטינסקי,דו סטרי,2025.0,397.39,כביש,1736467200000.0,20/08/2025 01:08:49,397.4019294323485,"[[34.7884784415991, 32.0871724157963], [34.78849366111848, 32.087219018138875], [34.78851102402967, 32.087264565419986], [34.78853053033479, 32.08730905764514], [34.78855218003634, 32.08735249482007], [34.788575973137036, 32.08739487695028], [34.78860190964011, 32.08743620404144], [34.788629989548674, 32.087476476098544], [34.78866021286635, 32.08751569312676], [34.788691926103446, 32.08755311852931], [34.788742892048354, 32.087604340333435], [34.78880305368611, 32.087655269571506], [34.78884285597762, 32.087684719341084], [34.78889045430489, 32.087716627938605], [34.78895875907013, 32.087758598510554], [34.78902295188462, 32.08779368821432], [34.78908479237532, 32.08782285451797], [34.78914493045086, 32.08784639160651], [34.78921928797925, 32.087869451083094], [34.78929618817977, 32.08788760114579], [34.789332522671664, 32.08789301352654], [34.789418682772315, 32.08790092517048], [34.78945949377797, 32.087908493934975], [34.78951521095098, 32.08792564081491], [34.78953851192071, 32.08793003116241], [34.789565034080184, 32.08793290492416], [34.78965465115004, 32.08793627583094], [34.789751727259116, 32.08794152904677], [34.789805835724096, 32.087942932576134], [34.789856558090534, 32.0879415813053], [34.789901740128755, 32.08793708446468], [34.78993302963725, 32.08793109778654], [34.790009741940786, 32.08791079411961], [34.79004536432408, 32.08790362545321], [34.790164969796166, 32.08789383810426], [34.79022545089461, 32.08788069953965], [34.790290042633124, 32.08785963986671], [34.79035981567246, 32.08783058933072], [34.790452401305814, 32.08778620515043], [34.7905013924468, 32.087760947823966], [34.790548512263584, 32.08773444519265], [34.79059351727351, 32.08770683440741], [34.79063621453263, 32.08767823408108], [34.7907161958477, 32.087617423561696], [34.79081019703237, 32.0875407773696], [34.79087937488785, 32.087479138419475], [34.79093706259997, 32.08742061536979], [34.79098435618349, 32.08736383269587], [34.79101596403258, 32.08731965275536], [34.791044773897134, 32.08727468571738], [34.79107045611652, 32.087229447212856], [34.79109276874306, 32.087184364713906], [34.79111392871749, 32.08713239204801], [34.791132453993704, 32.08707443938074], [34.79114886965417, 32.08700917604187], [34.79116566410586, 32.0869267437674], [34.79117639809399, 32.0868654046844], [34.791182093142076, 32.08681822492102], [34.791186641140605, 32.08674100261106], [34.79118573316982, 32.08671202387117], [34.79118268857387, 32.0866859049713], [34.791175004753896, 32.086657949768615], [34.79114981900888, 32.0865957048161], [34.791143371383505, 32.08656702582941], [34.79114201875366, 32.086538358886145], [34.79114363095079, 32.086509348386514]]"
480,,,,,50.63,,,20/08/2025 01:08:49,50.62994671185584,"[[34.75979810868554, 32.05034703171544], [34.75942747951798, 32.05067690664209]]"
481,2.5,חיים לבנון (איינשטיין-רוזנפלד),דו סטרי,2025.0,664.19,כביש,1735689600000.0,20/08/2025 01:08:49,664.1937410189662,"[[34.8013140165661, 32.11321593332615], [34.801359660242404, 32.11315538946331], [34.80136965029352, 32.11309473212082], [34.80137036535932, 32.11293197597615], [34.8013544021062, 32.112876753146665], [34.80137173486939, 32.11262025806655], [34.801430463857315, 32.11253216934802], [34.801448620854764, 32.11244954708168], [34.80146289864942, 32.112275779105765], [34.801507896396494, 32.11160367400746], [34.80156148722528, 32.11102616984126], [34.801589948947786, 32.1103578454596], [34.801597128048364, 32.110090758054916], [34.80157623691952, 32.109718782322105], [34.80153600078106, 32.109307125142806], [34.80150103498241, 32.10906290814668], [34.80143354064741, 32.10870356415626], [34.8013479158577, 32.10836972258913], [34.80126228150476, 32.108038437477845], [34.80123578759026, 32.10791693960382], [34.80114942840948, 32.10775051991837], [34.80109596255537, 32.107616155140725], [34.80099650715306, 32.10735511809953], [34.80097711663037, 32.10732566086977]]"
482,2.5,אלנבי (קינג ג'ורג' - גרוזנברג,,2025.0,317.28,דו סטרי,1738713600000.0,20/08/2025 01:08:49,317.2839271831384,"[[34.77056013850568, 32.069774397519346], [34.77075041986736, 32.06923581635964], [34.77077186313413, 32.06914522213178], [34.7708637906518, 32.06866595296667], [34.77093226548795, 32.06840611501996], [34.77098057442782, 32.06826312132634], [34.77110967998546, 32.067921173541286], [34.77129381013451, 32.06749709658898], [34.77138871657729, 32.06727671714386], [34.77149214028548, 32.067032507187]]"
483,2.5,השלום (עודד - 1063),,2024.0,344.77,כביש,,20/08/2025 01:08:49,344.77067375177944,"[[34.81158056744092, 32.05848367845395], [34.811282012735106, 32.058536387852286], [34.810956952454525, 32.058586191668184], [34.81087086519533, 32.058563340857695], [34.810711637253114, 32.058591076108385], [34.81061943799908, 32.05860627708891], [34.810513967290895, 32.05863553627752], [34.81045460747886, 32.05862676224056], [34.81030320464584, 32.058652060306336], [34.810178684828735, 32.05868030499065], [34.81011923602779, 32.05869252693769], [34.81005180250886, 32.05873717409061], [34.80969731689219, 32.05881719414335], [34.809294496833445, 32.058930467618254], [34.809223975561665, 32.058911159554626], [34.809198174778665, 32.058916805492245], [34.80913069140801, 32.05897290474946], [34.80882660636846, 32.05905976088725], [34.808546047040096, 32.05914859795509], [34.808399051251854, 32.05919108663074], [34.80810842651999, 32.05927511989852]]"
484,2.5,מתחם וויקס - מ- 2379 עד יוניצ'מן,דו סטרי,2023.0,325.7,מדרכה,1739145600000.0,20/08/2025 01:08:49,325.7014666354122,"[[34.80107619710628, 32.14127129186725], [34.80105371362014, 32.1414418161857], [34.80105908508359, 32.14149551804415], [34.8010776257874, 32.14158385773559], [34.801107398899475, 32.141668654048146], [34.80117071958857, 32.14177682043328], [34.801225728995426, 32.14186229408441], [34.80126392242997, 32.141945328046845], [34.80129157622971, 32.14203369672583], [34.801294055273644, 32.14210766947815], [34.80128666737305, 32.142193540447664], [34.801310024107416, 32.14250653681613], [34.80134173267645, 32.14258853739856], [34.801771544980774, 32.14328183254243], [34.80187129023972, 32.14346815169737], [34.801927622537704, 32.14358365217518], [34.801944490928584, 32.14372506783506], [34.801935272924055, 32.143832919284904], [34.80200482084435, 32.14392614180486], [34.80208319580681, 32.14400079134189]]"
485,2.5,אלנבי (בית השואבה- מונטיפיורי),,2025.0,137.09,דו סטרי,1738713600000.0,20/08/2025 01:08:49,137.09261195744116,"[[34.77173686592748, 32.066484722590126], [34.77225570234196, 32.06533008741928]]"
486,2.5,המסגר (ישראל טל - יצחק שדה) צד מזרחי,,2025.0,224.27,כביש,1737072000000.0,20/08/2025 01:08:49,224.26901278927585,"[[34.78555279228553, 32.063382972413926], [34.785635210424616, 32.06355131132897], [34.78590429595505, 32.06414392573611], [34.78590397002822, 32.064215504225025], [34.78594831184868, 32.064323020426905], [34.78608718970652, 32.06459070983284], [34.78621766216061, 32.06485837134644], [34.78627029040217, 32.06499216045629], [34.78631192862923, 32.065078193284805], [34.78632859892423, 32.06510926623267], [34.786350926590146, 32.06512842806305], [34.78637027960774, 32.06518575554085], [34.78640102544962, 32.06520255899205], [34.78645983232527, 32.065209910430255]]"
487,2.0,קויפמן מהמרד עד חלץ,,2013.0,1.71,,,20/08/2025 01:08:49,1.707093040772898,"[[34.76084591103135, 32.060542051415574], [34.760848602204476, 32.060526828714984]]"
488,2.5,אנילביץ (וינגייט-חניון),דו סטרי,2025.0,139.76,כביש,1741564800000.0,20/08/2025 01:08:49,139.75721631166974,"[[34.78767694174353, 32.06006024084891], [34.78769298607955, 32.060467100282814], [34.78770576575485, 32.06061911021148], [34.78773175201279, 32.06082851020306], [34.787777292082374, 32.0611813410829], [34.78777367772622, 32.06123580815895], [34.787800263142145, 32.06131331333781]]"
489,2.5,קיר הקריה,דו סטרי,2025.0,156.67,כביש,1740787200000.0,20/08/2025 01:08:49,156.66934797251093,"[[34.791968010350985, 32.076921285287426], [34.79117365158792, 32.07568088283631]]"
490,,,,,60.0,,,20/08/2025 01:08:49,59.99872737267831,"[[34.79072486974656, 32.073562653004686], [34.79009129478101, 32.07352121560759]]"
491,,,,,73.18,,,20/08/2025 01:08:49,73.17857047359097,"[[34.790580812982064, 32.07322621406279], [34.78994505367438, 32.07319151870011], [34.78980716144118, 32.07318780497532]]"
492,2.5,בן צבי,,2021.0,836.39,כביש,,20/08/2025 01:08:49,836.3895365227745,"[[34.779115866544544, 32.038315729340496], [34.779177294436224, 32.03826112076148]]"
493,,,,,217.61,,,20/08/2025 01:08:49,217.61315449401923,"[[34.77195381777055, 32.04262415291715], [34.7718442250906, 32.04267845653844], [34.771827354989966, 32.04269176083707], [34.77178789978489, 32.042742209543256], [34.77172725442489, 32.04277158859914], [34.77168683164239, 32.04278958478606], [34.7716989553116, 32.042832574010006], [34.77168525805647, 32.042885973775284], [34.771679543028306, 32.04290981388529], [34.77171832945938, 32.04300156832837], [34.771740617314194, 32.04302741309443], [34.771758456058315, 32.04304656219931], [34.77177955646869, 32.043086718855385], [34.77181656208748, 32.04331876438798], [34.771816485788435, 32.04333498826794], [34.77177782830513, 32.04345415623711], [34.77179527108486, 32.04355729057884], [34.77186515240532, 32.043946923669694], [34.77192726015317, 32.04442633062103]]"
494,2.5,פנחס לבון,דו סטרי,2025.0,265.08,כביש,1745107200000.0,20/08/2025 01:08:49,265.0817875826698,"[[34.77260619907941, 32.04514553585493], [34.77249473609147, 32.04517165444322], [34.77245657170963, 32.04518584037101], [34.77239814733015, 32.04521904548217], [34.77233869241243, 32.04523315882749], [34.77217266809492, 32.04527267757763], [34.772201359638274, 32.045339172512314], [34.77222141059008, 32.045392143574695], [34.77219540064047, 32.045442638212506], [34.77221197969656, 32.04549136893844], [34.77224873708703, 32.04553825934978], [34.77226426328256, 32.04557267053596], [34.77229844305297, 32.04569113276634], [34.772305681049794, 32.045820000924465], [34.77247818441128, 32.04631019486708], [34.772664022933895, 32.04682429446217], [34.77274364432649, 32.0470498033503], [34.772817232573814, 32.04712831405445], [34.77283276819827, 32.04716081700621]]"
495,,,,,14.87,,,20/08/2025 01:08:49,14.866760740997714,"[[34.77898862582436, 32.03839463956348], [34.779115866544544, 32.038315729340496]]"
496,,,,,94.97,,,20/08/2025 01:08:49,94.97017672371592,"[[34.77801200847983, 32.038939016336855], [34.77764009150609, 32.03847205939718], [34.7775994695837, 32.03818196555067]]"
497,,,,,114.48,,,20/08/2025 01:08:49,114.48397221072564,"[[34.77717857523574, 32.03653702922904], [34.777243125951685, 32.036593286834], [34.777353217493186, 32.03698556256057], [34.777377711649144, 32.03706640874787], [34.777288574564686, 32.037182621117125], [34.77727124973653, 32.037231550870594], [34.77727891075059, 32.037255408364445], [34.77730838686001, 32.03726742394398], [34.777339491900534, 32.03726355721077], [34.777396817356355, 32.03730346974705], [34.7774263068426, 32.03731283767953], [34.777552255534495, 32.03730266925684]]"
498,,,,,386.14,,,20/08/2025 01:08:49,386.1373629469773,"[[34.77711826651708, 32.036408316875914], [34.77695349879526, 32.03627442691509], [34.77685952957408, 32.036158385688275], [34.776633759247794, 32.03580541896568], [34.77643460615471, 32.03544499365552], [34.776349545011804, 32.03531891899528], [34.7762794968792, 32.035140064299114], [34.776209377715105, 32.03497630353936], [34.775795775132764, 32.03437112486095], [34.775684510868224, 32.03416445716624], [34.77556457611133, 32.03391750759184], [34.77545659482135, 32.03364040989006], [34.775369146128604, 32.033393569999724], [34.77535481451338, 32.03330043837364]]"
499,2.5,1063 (הטייסים-השלום(,דו סטרי,2025.0,322.1,מדרכה,1745107200000.0,20/08/2025 01:08:49,322.1035183018228,"[[34.80665356512002, 32.05670120515244], [34.806661667935735, 32.05676335862677], [34.80678867497948, 32.056984769127865], [34.806815942984365, 32.057039853138455], [34.8068370783429, 32.05713056483827], [34.80690473504577, 32.057248921664645], [34.80702934687481, 32.05747134342754], [34.807152751661555, 32.057696815649074], [34.80735570714328, 32.05805595974003], [34.80759300821712, 32.05849363442733], [34.807800676638145, 32.05887010693087], [34.80797509327078, 32.05919249474719], [34.80799649708895, 32.05922107994286], [34.80803470606554, 32.059235457655625], [34.80805847128026, 32.05927117888739], [34.80807752800707, 32.05928957189611], [34.80810842651999, 32.05927511989852]]"
500,2.5,הגדוד העברי (בני ברק - הגדוד העברי,דו סטרי,2025.0,88.03,כביש,1745107200000.0,20/08/2025 01:08:49,88.03271408718263,"[[34.77838921468781, 32.058781052612844], [34.77854403110986, 32.05870812112636], [34.779070886311025, 32.05835688249176], [34.77913728227094, 32.058310097643286]]"
501,2.5,החמשונאים,,2025.0,27.43,כביש,,20/08/2025 01:08:49,27.43360937401434,"[[34.78712063739416, 32.06914913810076], [34.7870404196532, 32.069176448860894], [34.78683720724406, 32.06919300996159]]"
502,2.5,ראול ולנברג,,2025.0,1028.43,כביש,1748476800000.0,20/08/2025 01:08:49,1028.429055858316,"[[34.84035397756113, 32.114310491551265], [34.84023928577878, 32.11425750475035], [34.84005454495397, 32.11403882520509], [34.839847993057695, 32.11374861972268], [34.839729452107754, 32.11355269742185], [34.839689932879715, 32.113488643428326], [34.839668210873334, 32.11339455080841], [34.839501699312265, 32.11315278673485], [34.83928444737368, 32.11279712674936], [34.83905557745135, 32.11240278053408], [34.83904390079182, 32.1123784094616], [34.83898857620448, 32.11233243913855], [34.838955158311414, 32.11227651046595], [34.83861572956379, 32.11176874872627], [34.838585761733725, 32.11169135660027], [34.83858117102842, 32.111664978737224], [34.838565962079855, 32.11161244276839], [34.83843002213505, 32.1114307153574], [34.83819759377104, 32.11117230684884], [34.838102104357986, 32.11106053753175], [34.83793183794495, 32.110875728085375], [34.83770712201681, 32.110637075661046], [34.8374530253618, 32.11038521582595], [34.83740067627119, 32.110331976014386], [34.83736022618913, 32.11031225126431], [34.837332781280054, 32.110284977472524], [34.83716807869311, 32.11013684431249], [34.83706123745652, 32.11004049879518], [34.837012036108675, 32.10996622207656], [34.83692233381813, 32.10987707461338], [34.83674228069505, 32.10971030784497], [34.8365579100642, 32.10954871895819], [34.83631279276282, 32.10933088292926], [34.836159896098344, 32.109185489923654], [34.83603215685609, 32.109058064944634], [34.835970781493856, 32.10898392104058], [34.83589888058264, 32.10891332566951], [34.83586952948537, 32.10889236302195], [34.835800329105794, 32.108847424947285], [34.835751452050545, 32.108802545091216], [34.83572285993354, 32.10876726876853], [34.835705461299206, 32.10873679727626], [34.83569370654274, 32.10869739379119], [34.8355275455018, 32.10853943559496], [34.83533574716418, 32.10837726327681], [34.83509727891614, 32.108182073673106], [34.835066594823076, 32.108144404975334], [34.83495197856672, 32.10806533395462], [34.83484766437509, 32.10803878404498], [34.83475531838668, 32.10799854920971], [34.834658850166385, 32.107938021107834], [34.83456523009142, 32.10786616850568], [34.83445775163166, 32.10775550306942], [34.83442286044706, 32.10771841890856], [34.83431588911939, 32.1076554737373], [34.83424667840547, 32.10761351698854], [34.83393552791469, 32.107437237828876], [34.83378310718649, 32.107349107644396], [34.83359287219095, 32.10725370729309]]"
503,2.5,המסגר מהחשמונאים-בן אביגדור מזרח,דו סטרי,2025.0,176.76,כביש,1747872000000.0,20/08/2025 01:08:49,176.76086655973813,"[[34.78772491999519, 32.069065230886444], [34.787168285602796, 32.067543333636216]]"
504,2.5,אלנבי מונטיפיורי-רוטשילד,דו סטרי,2025.0,204.18,כביש,1749686400000.0,20/08/2025 01:08:49,204.17819956420544,"[[34.77225570234196, 32.06533008741928], [34.77270529757778, 32.06430141670603], [34.77300517914859, 32.06360300287314]]"
505,2.5,אלנבי העליה - יהודה הלוי,דו סטרי,2025.0,127.66,כביש,1749686400000.0,20/08/2025 01:08:49,127.6560203608628,"[[34.77398498612658, 32.060730203644226], [34.773735201036516, 32.061437838982435], [34.77358095036677, 32.06182861748796]]"
506,2.0,ככר החיל גליפולי,חד סטרי,2025.0,105.1,כביש,1748563200000.0,20/08/2025 01:08:49,105.1409379592804,"[[34.7944879869244, 32.05666123911853], [34.79451420080812, 32.056659063429265], [34.79453963863957, 32.05665236880047], [34.794563527503115, 32.05664135864505], [34.794585141547714, 32.05662636750101], [34.794603824041566, 32.05660785086668], [34.79461900732655, 32.056586371360616], [34.79463023006623, 32.05656258162675], [34.79463715126335, 32.0565372045041], [34.79463956062083, 32.0565110110637], [34.79463738493156, 32.05648479717998], [34.79463069030277, 32.05645935934853], [34.79461968014735, 32.056435470484985], [34.79460468900331, 32.056413856440386], [34.79458617236898, 32.056395173946534], [34.79456469286291, 32.05637999066155], [34.79454090312905, 32.05636876792187], [34.7945155260064, 32.05636184672475], [34.794489332565995, 32.05635943736727], [34.79446311868227, 32.05636161305654], [34.79443768085083, 32.05636830768533], [34.79441379198728, 32.05637931784075], [34.79439217794268, 32.05639430898479], [34.79437349544883, 32.05641282561912], [34.794358312163844, 32.05643430512519], [34.794347089424164, 32.05645809485905], [34.794340168227045, 32.0564834719817], [34.79433775886957, 32.056509665422105], [34.794339934558835, 32.05653587930583], [34.79434662918763, 32.05656131713727], [34.79435763934305, 32.05658520600082], [34.79437263048709, 32.05660682004542], [34.79439114712142, 32.05662550253927], [34.794412626627484, 32.056640685824256], [34.79443641636135, 32.056651908563936], [34.794461793484, 32.056658829761055], [34.7944879869244, 32.05666123911853]]"
507,2.5,פנסקר בוגרשוב עד 28,דו סטרי,2025.0,237.81,כביש,1749513600000.0,20/08/2025 01:08:49,237.81146392263423,"[[34.771826804072816, 32.07581300107432], [34.7718866412575, 32.075925512124485], [34.771891590151526, 32.07592987112225], [34.77353630731899, 32.07737867480244]]"
508,2.5,לינקולן,דו סטרי,2025.0,129.75,כביש,1749513600000.0,20/08/2025 01:08:49,129.75305364978638,"[[34.780009584957845, 32.0676360275548], [34.78121753753487, 32.0670782764889]]"
509,2.5,אלנבי מפינסקר עד הירקון,דו סטרי,2024.0,234.38,כביש,,20/08/2025 01:08:49,234.3824549816126,"[[34.76622209785246, 32.07337864913524], [34.76624431694786, 32.073302852268014], [34.76627454595181, 32.07331011427017], [34.76631321498734, 32.07331024795544], [34.7664764980926, 32.07326929582922], [34.76686705489463, 32.0731661394318], [34.76692091730024, 32.073153440647154], [34.76702024299433, 32.07312658378517], [34.76713156191931, 32.07305252448001], [34.76725949592757, 32.07302003978888], [34.76744802400689, 32.07297344713331], [34.76783163113623, 32.07286644110472], [34.767958160556034, 32.07282631993869], [34.76802550002776, 32.072807940744724], [34.76811969910284, 32.07279824441708], [34.768505180596115, 32.072700790919285], [34.768501811252555, 32.07270221136862]]"
510,205.0,המסגר ישראל טל - יד חרוצים (מערבית),דו סטרי,2025.0,221.56,כביש,,20/08/2025 01:08:49,221.55941946837163,"[[34.7854326168254, 32.06359323874637], [34.785368525221564, 32.06354580374221], [34.785319759444626, 32.06348718578465], [34.78530038023293, 32.06343582248794], [34.78523940367456, 32.063290075567664], [34.785246669867256, 32.063232835939246], [34.78510527746052, 32.062903101326945], [34.78501824967924, 32.062633197139846], [34.78492981051924, 32.06236567344783], [34.78476495984303, 32.06195831586099], [34.78467778139849, 32.06172181411756]]"
511,2.5,ארלוזורוב מאבן גבירול עד בן עזרא,דו סטרי,2025.0,92.94,כביש,,20/08/2025 01:08:49,92.94414937038827,"[[34.78152121014511, 32.08525441168501], [34.780618941443464, 32.085474948976184], [34.78058325333478, 32.08549934827477]]"
512,3.5,פארק הירקון,,2004.0,269.37,,,20/08/2025 01:08:49,269.3706728255586,"[[34.82717023841588, 32.10673795590079], [34.82726860949297, 32.10663508095581], [34.827325256954786, 32.106533223380104], [34.827331324490295, 32.10642110077384], [34.82731200605748, 32.10634707788524], [34.82727327122245, 32.10622289125474], [34.82730831140171, 32.1058818003995], [34.82731976005737, 32.10582457108163], [34.8273590732254, 32.10580798614235], [34.827475952594156, 32.10583007427982]]"
513,,,,,39.13,,,20/08/2025 01:08:49,39.12758601300128,"[[34.825426701908, 32.10607682804285], [34.82534360851394, 32.1063942676798], [34.82531202044853, 32.10640059836118]]"
514,2.5,צומת בגין נמיר,דו סטרי,2025.0,156.5,כביש,,20/08/2025 01:08:49,156.50472177760295,"[[34.79408935425671, 32.07973625296398], [34.79399625371738, 32.07954482470032], [34.79396051902054, 32.0794686052593], [34.79396965743983, 32.07943045946686], [34.79401772103551, 32.079337133085666]]"
515,1.3,אינשטיין מ-2040 עד נמיר צד דרומי,,2012.0,98.15,,,20/08/2025 01:08:49,98.1463180530962,"[[34.78930477275102, 32.112145467801895], [34.78927786310174, 32.11210411219552], [34.78922112342897, 32.11207368489583], [34.78912966091594, 32.112120627631306], [34.78903366247828, 32.112127771455405], [34.78832261065573, 32.11207151248609]]"
516,2.5,נמיחר,,2024.0,965.04,,,20/08/2025 01:08:49,965.0377024848196,"[[34.79222227331096, 32.11211311720688], [34.79212365213027, 32.11160124335185], [34.79210699797334, 32.111314872903336], [34.792060931834015, 32.111085669029464], [34.79194699139602, 32.1104897592806], [34.79190345975805, 32.11019566491988], [34.79184751231359, 32.10967056887201], [34.79182261813894, 32.10922192434419], [34.79179876281958, 32.108542321007334], [34.79176747619384, 32.10801921420962], [34.79177925269816, 32.10739508103311], [34.79181022585869, 32.106990520797886], [34.79189812910954, 32.10639335894619], [34.79197146829857, 32.10604238262056], [34.79210933001588, 32.10530604219289], [34.79228147071536, 32.10442665388458], [34.792412428592755, 32.10372846659728], [34.7924150056124, 32.10365403266725], [34.792334192494295, 32.10349020049552]]"
517,2.5,ראש פינה,דו סטרי,2025.0,310.06,כביש,1751328000000.0,20/08/2025 01:08:49,310.0620338352928,"[[34.78273359680934, 32.058795950684164], [34.78196225000028, 32.05852747323915], [34.78107022920317, 32.05816644411291], [34.78068850500551, 32.05802561392456], [34.779726201867106, 32.05767567230943]]"
